"filename [NA]","station [NA]","cruise_station [NA]","latitude [decimal degree]","longitude [decimal degree]","utc_date_time [yyyy-mm-dd hh:mm]","flag_qc","comment [NA]","depth [m]","temperature [C]","temperature_sdev [C]","temperature_surface_handheldmeter [C]","salinity [NA]","salinity_sdev [NA]","salinity_surface_handheldmeter [NA]"
"Nunataryuk_WP4-4_STNR05_I20190831_R20200109_BECU_IOP-CTD.csv","STNR05","4_STNR05",68.26841,-134.8287,"2019-08-31 16:45",1,NA,0.15,9.86824193237012,NA,NA,0.177309425913168,NA,NA
"Nunataryuk_WP4-4_STNR05_I20190831_R20200109_BECU_IOP-CTD.csv","STNR05","4_STNR05",68.26841,-134.8287,"2019-08-31 16:45",1,NA,0.16,9.86857219444484,NA,NA,0.17731216603275,NA,NA
"Nunataryuk_WP4-4_STNR05_I20190831_R20200109_BECU_IOP-CTD.csv","STNR05","4_STNR05",68.26841,-134.8287,"2019-08-31 16:45",1,NA,0.17,9.86887400900623,NA,NA,0.177315901726538,NA,NA
"Nunataryuk_WP4-4_STNR05_I20190831_R20200109_BECU_IOP-CTD.csv","STNR05","4_STNR05",68.26841,-134.8287,"2019-08-31 16:45",1,NA,0.18,9.86915056531098,NA,NA,0.177320566326314,NA,NA
"Nunataryuk_WP4-4_STNR05_I20190831_R20200109_BECU_IOP-CTD.csv","STNR05","4_STNR05",68.26841,-134.8287,"2019-08-31 16:45",1,NA,0.19,9.86939838546059,NA,NA,0.177326465820346,NA,NA
"Nunataryuk_WP4-4_STNR05_I20190831_R20200109_BECU_IOP-CTD.csv","STNR05","4_STNR05",68.26841,-134.8287,"2019-08-31 16:45",1,NA,0.2,9.86961513220867,NA,NA,0.177333277895766,NA,NA
"Nunataryuk_WP4-4_STNR05_I20190831_R20200109_BECU_IOP-CTD.csv","STNR05","4_STNR05",68.26841,-134.8287,"2019-08-31 16:45",1,NA,0.21,9.8698038405176,NA,NA,0.17733972162319,NA,NA
"Nunataryuk_WP4-4_STNR05_I20190831_R20200109_BECU_IOP-CTD.csv","STNR05","4_STNR05",68.26841,-134.8287,"2019-08-31 16:45",1,NA,0.22,9.86996284254902,NA,NA,0.177346831528256,NA,NA
"Nunataryuk_WP4-4_STNR05_I20190831_R20200109_BECU_IOP-CTD.csv","STNR05","4_STNR05",68.26841,-134.8287,"2019-08-31 16:45",1,NA,0.23,9.8700901576691,NA,NA,0.177355764163306,NA,NA
"Nunataryuk_WP4-4_STNR05_I20190831_R20200109_BECU_IOP-CTD.csv","STNR05","4_STNR05",68.26841,-134.8287,"2019-08-31 16:45",1,NA,0.24,9.87018380524401,NA,NA,0.177367676080684,NA,NA
"Nunataryuk_WP4-4_STNR05_I20190831_R20200109_BECU_IOP-CTD.csv","STNR05","4_STNR05",68.26841,-134.8287,"2019-08-31 16:45",1,NA,0.25,9.87023930218254,NA,NA,0.177388129909989,NA,NA
"Nunataryuk_WP4-4_STNR05_I20190831_R20200109_BECU_IOP-CTD.csv","STNR05","4_STNR05",68.26841,-134.8287,"2019-08-31 16:45",1,NA,0.26,9.87025524873291,NA,NA,0.177419834229355,NA,NA
"Nunataryuk_WP4-4_STNR05_I20190831_R20200109_BECU_IOP-CTD.csv","STNR05","4_STNR05",68.26841,-134.8287,"2019-08-31 16:45",1,NA,0.27,9.87023709648074,NA,NA,0.177455200380818,NA,NA
"Nunataryuk_WP4-4_STNR05_I20190831_R20200109_BECU_IOP-CTD.csv","STNR05","4_STNR05",68.26841,-134.8287,"2019-08-31 16:45",1,NA,0.28,9.8701903564067,NA,NA,0.177486544812107,NA,NA
"Nunataryuk_WP4-4_STNR05_I20190831_R20200109_BECU_IOP-CTD.csv","STNR05","4_STNR05",68.26841,-134.8287,"2019-08-31 16:45",1,NA,0.29,9.87012053949144,NA,NA,0.177506183970954,NA,NA
"Nunataryuk_WP4-4_STNR05_I20190831_R20200109_BECU_IOP-CTD.csv","STNR05","4_STNR05",68.26841,-134.8287,"2019-08-31 16:45",1,NA,0.3,9.86998137793683,NA,NA,0.177515439485233,NA,NA
"Nunataryuk_WP4-4_STNR05_I20190831_R20200109_BECU_IOP-CTD.csv","STNR05","4_STNR05",68.26841,-134.8287,"2019-08-31 16:45",1,NA,0.31,9.86975302654093,NA,NA,0.177524251123909,NA,NA
"Nunataryuk_WP4-4_STNR05_I20190831_R20200109_BECU_IOP-CTD.csv","STNR05","4_STNR05",68.26841,-134.8287,"2019-08-31 16:45",1,NA,0.32,9.86957656474563,NA,NA,0.177525301003779,NA,NA
"Nunataryuk_WP4-4_STNR05_I20190831_R20200109_BECU_IOP-CTD.csv","STNR05","4_STNR05",68.26841,-134.8287,"2019-08-31 16:45",1,NA,0.33,9.86945311656486,NA,NA,0.177511753117265,NA,NA
"Nunataryuk_WP4-4_STNR05_I20190831_R20200109_BECU_IOP-CTD.csv","STNR05","4_STNR05",68.26841,-134.8287,"2019-08-31 16:45",1,NA,0.34,9.8692831040802,NA,NA,0.177486986543714,NA,NA
"Nunataryuk_WP4-4_STNR05_I20190831_R20200109_BECU_IOP-CTD.csv","STNR05","4_STNR05",68.26841,-134.8287,"2019-08-31 16:45",1,NA,0.35,9.86912459887023,NA,NA,0.177459242491031,NA,NA
"Nunataryuk_WP4-4_STNR05_I20190831_R20200109_BECU_IOP-CTD.csv","STNR05","4_STNR05",68.26841,-134.8287,"2019-08-31 16:45",1,NA,0.36,9.86902616645452,NA,NA,0.177432724540009,NA,NA
"Nunataryuk_WP4-4_STNR05_I20190831_R20200109_BECU_IOP-CTD.csv","STNR05","4_STNR05",68.26841,-134.8287,"2019-08-31 16:45",1,NA,0.37,9.86895773822443,NA,NA,0.177390577099652,NA,NA
"Nunataryuk_WP4-4_STNR05_I20190831_R20200109_BECU_IOP-CTD.csv","STNR05","4_STNR05",68.26841,-134.8287,"2019-08-31 16:45",1,NA,0.38,9.86890749705909,NA,NA,0.177338418525293,NA,NA
"Nunataryuk_WP4-4_STNR05_I20190831_R20200109_BECU_IOP-CTD.csv","STNR05","4_STNR05",68.26841,-134.8287,"2019-08-31 16:45",1,NA,0.39,9.86887265036972,NA,NA,0.177286540746211,NA,NA
"Nunataryuk_WP4-4_STNR05_I20190831_R20200109_BECU_IOP-CTD.csv","STNR05","4_STNR05",68.26841,-134.8287,"2019-08-31 16:45",1,NA,0.4,9.86885040556755,NA,NA,0.177245235691685,NA,NA
"Nunataryuk_WP4-4_STNR05_I20190831_R20200109_BECU_IOP-CTD.csv","STNR05","4_STNR05",68.26841,-134.8287,"2019-08-31 16:45",1,NA,0.41,9.86884309043456,NA,NA,0.177220263639762,NA,NA
"Nunataryuk_WP4-4_STNR05_I20190831_R20200109_BECU_IOP-CTD.csv","STNR05","4_STNR05",68.26841,-134.8287,"2019-08-31 16:45",1,NA,0.42,9.86886630524372,NA,NA,0.177198534207875,NA,NA
"Nunataryuk_WP4-4_STNR05_I20190831_R20200109_BECU_IOP-CTD.csv","STNR05","4_STNR05",68.26841,-134.8287,"2019-08-31 16:45",1,NA,0.43,9.86891084125543,NA,NA,0.177179527389007,NA,NA
"Nunataryuk_WP4-4_STNR05_I20190831_R20200109_BECU_IOP-CTD.csv","STNR05","4_STNR05",68.26841,-134.8287,"2019-08-31 16:45",1,NA,0.44,9.86896463413623,NA,NA,0.177164761759752,NA,NA
"Nunataryuk_WP4-4_STNR05_I20190831_R20200109_BECU_IOP-CTD.csv","STNR05","4_STNR05",68.26841,-134.8287,"2019-08-31 16:45",1,NA,0.45,9.86901715518831,NA,NA,0.177156122020213,NA,NA
"Nunataryuk_WP4-4_STNR05_I20190831_R20200109_BECU_IOP-CTD.csv","STNR05","4_STNR05",68.26841,-134.8287,"2019-08-31 16:45",1,NA,0.46,9.86907836945604,NA,NA,0.177157680125843,NA,NA
"Nunataryuk_WP4-4_STNR05_I20190831_R20200109_BECU_IOP-CTD.csv","STNR05","4_STNR05",68.26841,-134.8287,"2019-08-31 16:45",1,NA,0.47,9.86914617476964,NA,NA,0.177164800708548,NA,NA
"Nunataryuk_WP4-4_STNR05_I20190831_R20200109_BECU_IOP-CTD.csv","STNR05","4_STNR05",68.26841,-134.8287,"2019-08-31 16:45",1,NA,0.48,9.86921208293618,NA,NA,0.17717062369351,NA,NA
"Nunataryuk_WP4-4_STNR05_I20190831_R20200109_BECU_IOP-CTD.csv","STNR05","4_STNR05",68.26841,-134.8287,"2019-08-31 16:45",1,NA,0.49,9.86928375622918,NA,NA,0.177181560592956,NA,NA
"Nunataryuk_WP4-4_STNR05_I20190831_R20200109_BECU_IOP-CTD.csv","STNR05","4_STNR05",68.26841,-134.8287,"2019-08-31 16:45",1,NA,0.5,9.86936854244916,NA,NA,0.177202730576498,NA,NA
"Nunataryuk_WP4-4_STNR05_I20190831_R20200109_BECU_IOP-CTD.csv","STNR05","4_STNR05",68.26841,-134.8287,"2019-08-31 16:45",1,NA,0.51,9.86945591651173,NA,NA,0.177224024520379,NA,NA
"Nunataryuk_WP4-4_STNR05_I20190831_R20200109_BECU_IOP-CTD.csv","STNR05","4_STNR05",68.26841,-134.8287,"2019-08-31 16:45",1,NA,0.52,9.86953575993933,NA,NA,0.177235434556998,NA,NA
"Nunataryuk_WP4-4_STNR05_I20190831_R20200109_BECU_IOP-CTD.csv","STNR05","4_STNR05",68.26841,-134.8287,"2019-08-31 16:45",1,NA,0.53,9.8696390865818,NA,NA,0.177240128521533,NA,NA
"Nunataryuk_WP4-4_STNR05_I20190831_R20200109_BECU_IOP-CTD.csv","STNR05","4_STNR05",68.26841,-134.8287,"2019-08-31 16:45",1,NA,0.54,9.86977212238012,NA,NA,0.17724372877436,NA,NA
"Nunataryuk_WP4-4_STNR05_I20190831_R20200109_BECU_IOP-CTD.csv","STNR05","4_STNR05",68.26841,-134.8287,"2019-08-31 16:45",1,NA,0.55,9.86990881909268,NA,NA,0.177245399049181,NA,NA
"Nunataryuk_WP4-4_STNR05_I20190831_R20200109_BECU_IOP-CTD.csv","STNR05","4_STNR05",68.26841,-134.8287,"2019-08-31 16:45",1,NA,0.56,9.8700231284779,NA,NA,0.1772443030797,NA,NA
"Nunataryuk_WP4-4_STNR05_I20190831_R20200109_BECU_IOP-CTD.csv","STNR05","4_STNR05",68.26841,-134.8287,"2019-08-31 16:45",1,NA,0.57,9.87008908457173,NA,NA,0.177239461155032,NA,NA
"Nunataryuk_WP4-4_STNR05_I20190831_R20200109_BECU_IOP-CTD.csv","STNR05","4_STNR05",68.26841,-134.8287,"2019-08-31 16:45",1,NA,0.58,9.87009686074297,NA,NA,0.177223657934278,NA,NA
"Nunataryuk_WP4-4_STNR05_I20190831_R20200109_BECU_IOP-CTD.csv","STNR05","4_STNR05",68.26841,-134.8287,"2019-08-31 16:45",1,NA,0.59,9.8700687589091,NA,NA,0.177199856266444,NA,NA
"Nunataryuk_WP4-4_STNR05_I20190831_R20200109_BECU_IOP-CTD.csv","STNR05","4_STNR05",68.26841,-134.8287,"2019-08-31 16:45",1,NA,0.6,9.87003051133236,NA,NA,0.177177278962192,NA,NA
"Nunataryuk_WP4-4_STNR05_I20190831_R20200109_BECU_IOP-CTD.csv","STNR05","4_STNR05",68.26841,-134.8287,"2019-08-31 16:45",1,NA,0.61,9.87000785027504,NA,NA,0.177165148832183,NA,NA
"Nunataryuk_WP4-4_STNR05_I20190831_R20200109_BECU_IOP-CTD.csv","STNR05","4_STNR05",68.26841,-134.8287,"2019-08-31 16:45",1,NA,0.62,9.87000115737833,NA,NA,0.177163844422336,NA,NA
"Nunataryuk_WP4-4_STNR05_I20190831_R20200109_BECU_IOP-CTD.csv","STNR05","4_STNR05",68.26841,-134.8287,"2019-08-31 16:45",1,NA,0.63,9.86998405681488,NA,NA,0.17716284934998,NA,NA
"Nunataryuk_WP4-4_STNR05_I20190831_R20200109_BECU_IOP-CTD.csv","STNR05","4_STNR05",68.26841,-134.8287,"2019-08-31 16:45",1,NA,0.64,9.8699663377034,NA,NA,0.177163112336184,NA,NA
"Nunataryuk_WP4-4_STNR05_I20190831_R20200109_BECU_IOP-CTD.csv","STNR05","4_STNR05",68.26841,-134.8287,"2019-08-31 16:45",1,NA,0.65,9.86995843206686,NA,NA,0.177165821078165,NA,NA
"Nunataryuk_WP4-4_STNR05_I20190831_R20200109_BECU_IOP-CTD.csv","STNR05","4_STNR05",68.26841,-134.8287,"2019-08-31 16:45",1,NA,0.66,9.86995509521091,NA,NA,0.177174951171199,NA,NA
"Nunataryuk_WP4-4_STNR05_I20190831_R20200109_BECU_IOP-CTD.csv","STNR05","4_STNR05",68.26841,-134.8287,"2019-08-31 16:45",1,NA,0.67,9.86994939479679,NA,NA,0.177189452263474,NA,NA
"Nunataryuk_WP4-4_STNR05_I20190831_R20200109_BECU_IOP-CTD.csv","STNR05","4_STNR05",68.26841,-134.8287,"2019-08-31 16:45",1,NA,0.68,9.86994514657136,NA,NA,0.17720408559755,NA,NA
"Nunataryuk_WP4-4_STNR05_I20190831_R20200109_BECU_IOP-CTD.csv","STNR05","4_STNR05",68.26841,-134.8287,"2019-08-31 16:45",1,NA,0.69,9.86994362356551,NA,NA,0.177217175206563,NA,NA
"Nunataryuk_WP4-4_STNR05_I20190831_R20200109_BECU_IOP-CTD.csv","STNR05","4_STNR05",68.26841,-134.8287,"2019-08-31 16:45",1,NA,0.7,9.86993519995164,NA,NA,0.177242874676144,NA,NA
"Nunataryuk_WP4-4_STNR05_I20190831_R20200109_BECU_IOP-CTD.csv","STNR05","4_STNR05",68.26841,-134.8287,"2019-08-31 16:45",1,NA,0.71,9.86992658655095,NA,NA,0.177273324856664,NA,NA
"Nunataryuk_WP4-4_STNR05_I20190831_R20200109_BECU_IOP-CTD.csv","STNR05","4_STNR05",68.26841,-134.8287,"2019-08-31 16:45",1,NA,0.72,9.86992739964669,NA,NA,0.177296659435368,NA,NA
"Nunataryuk_WP4-4_STNR05_I20190831_R20200109_BECU_IOP-CTD.csv","STNR05","4_STNR05",68.26841,-134.8287,"2019-08-31 16:45",1,NA,0.73,9.86993946781877,NA,NA,0.177306318916034,NA,NA
"Nunataryuk_WP4-4_STNR05_I20190831_R20200109_BECU_IOP-CTD.csv","STNR05","4_STNR05",68.26841,-134.8287,"2019-08-31 16:45",1,NA,0.74,9.86995060505772,NA,NA,0.177310406824449,NA,NA
"Nunataryuk_WP4-4_STNR05_I20190831_R20200109_BECU_IOP-CTD.csv","STNR05","4_STNR05",68.26841,-134.8287,"2019-08-31 16:45",1,NA,0.75,9.86996482343325,NA,NA,0.177310847252602,NA,NA
"Nunataryuk_WP4-4_STNR05_I20190831_R20200109_BECU_IOP-CTD.csv","STNR05","4_STNR05",68.26841,-134.8287,"2019-08-31 16:45",1,NA,0.76,9.86998700121261,NA,NA,0.177309083770365,NA,NA
"Nunataryuk_WP4-4_STNR05_I20190831_R20200109_BECU_IOP-CTD.csv","STNR05","4_STNR05",68.26841,-134.8287,"2019-08-31 16:45",1,NA,0.77,9.87002201666306,NA,NA,0.177306559947609,NA,NA
"Nunataryuk_WP4-4_STNR05_I20190831_R20200109_BECU_IOP-CTD.csv","STNR05","4_STNR05",68.26841,-134.8287,"2019-08-31 16:45",1,NA,0.78,9.87007912680033,NA,NA,0.177297566860433,NA,NA
"Nunataryuk_WP4-4_STNR05_I20190831_R20200109_BECU_IOP-CTD.csv","STNR05","4_STNR05",68.26841,-134.8287,"2019-08-31 16:45",1,NA,0.79,9.8701569997362,NA,NA,0.177278055297472,NA,NA
"Nunataryuk_WP4-4_STNR05_I20190831_R20200109_BECU_IOP-CTD.csv","STNR05","4_STNR05",68.26841,-134.8287,"2019-08-31 16:45",1,NA,0.8,9.87023748871424,NA,NA,0.17726017190589,NA,NA
"Nunataryuk_WP4-4_STNR05_I20190831_R20200109_BECU_IOP-CTD.csv","STNR05","4_STNR05",68.26841,-134.8287,"2019-08-31 16:45",1,NA,0.81,9.87030336296075,NA,NA,0.177255909749852,NA,NA
"Nunataryuk_WP4-4_STNR05_I20190831_R20200109_BECU_IOP-CTD.csv","STNR05","4_STNR05",68.26841,-134.8287,"2019-08-31 16:45",1,NA,0.82,9.87037276072019,NA,NA,0.177262433978782,NA,NA
"Nunataryuk_WP4-4_STNR05_I20190831_R20200109_BECU_IOP-CTD.csv","STNR05","4_STNR05",68.26841,-134.8287,"2019-08-31 16:45",1,NA,0.83,9.87045041333596,NA,NA,0.177272976144183,NA,NA
"Nunataryuk_WP4-4_STNR05_I20190831_R20200109_BECU_IOP-CTD.csv","STNR05","4_STNR05",68.26841,-134.8287,"2019-08-31 16:45",1,NA,0.84,9.87052523867654,NA,NA,0.177284655962488,NA,NA
"Nunataryuk_WP4-4_STNR05_I20190831_R20200109_BECU_IOP-CTD.csv","STNR05","4_STNR05",68.26841,-134.8287,"2019-08-31 16:45",1,NA,0.85,9.87058769251868,NA,NA,0.177295196023585,NA,NA
"Nunataryuk_WP4-4_STNR05_I20190831_R20200109_BECU_IOP-CTD.csv","STNR05","4_STNR05",68.26841,-134.8287,"2019-08-31 16:45",1,NA,0.86,9.87064818429138,NA,NA,0.177309273135379,NA,NA
"Nunataryuk_WP4-4_STNR05_I20190831_R20200109_BECU_IOP-CTD.csv","STNR05","4_STNR05",68.26841,-134.8287,"2019-08-31 16:45",1,NA,0.87,9.87070944500974,NA,NA,0.177326747622612,NA,NA
"Nunataryuk_WP4-4_STNR05_I20190831_R20200109_BECU_IOP-CTD.csv","STNR05","4_STNR05",68.26841,-134.8287,"2019-08-31 16:45",1,NA,0.88,9.87076927067526,NA,NA,0.177345338915082,NA,NA
"Nunataryuk_WP4-4_STNR05_I20190831_R20200109_BECU_IOP-CTD.csv","STNR05","4_STNR05",68.26841,-134.8287,"2019-08-31 16:45",1,NA,0.89,9.87082545728942,NA,NA,0.177362766442585,NA,NA
"Nunataryuk_WP4-4_STNR05_I20190831_R20200109_BECU_IOP-CTD.csv","STNR05","4_STNR05",68.26841,-134.8287,"2019-08-31 16:45",1,NA,0.9,9.87087644187387,NA,NA,0.177377839816432,NA,NA
"Nunataryuk_WP4-4_STNR05_I20190831_R20200109_BECU_IOP-CTD.csv","STNR05","4_STNR05",68.26841,-134.8287,"2019-08-31 16:45",1,NA,0.91,9.87092739057678,NA,NA,0.177400631197318,NA,NA
"Nunataryuk_WP4-4_STNR05_I20190831_R20200109_BECU_IOP-CTD.csv","STNR05","4_STNR05",68.26841,-134.8287,"2019-08-31 16:45",1,NA,0.92,9.8709757912466,NA,NA,0.177427769041914,NA,NA
"Nunataryuk_WP4-4_STNR05_I20190831_R20200109_BECU_IOP-CTD.csv","STNR05","4_STNR05",68.26841,-134.8287,"2019-08-31 16:45",1,NA,0.93,9.87101636611671,NA,NA,0.177451133142462,NA,NA
"Nunataryuk_WP4-4_STNR05_I20190831_R20200109_BECU_IOP-CTD.csv","STNR05","4_STNR05",68.26841,-134.8287,"2019-08-31 16:45",1,NA,0.94,9.8710448746103,NA,NA,0.177462807792321,NA,NA
"Nunataryuk_WP4-4_STNR05_I20190831_R20200109_BECU_IOP-CTD.csv","STNR05","4_STNR05",68.26841,-134.8287,"2019-08-31 16:45",1,NA,0.95,9.87107313728268,NA,NA,0.177462258735715,NA,NA
"Nunataryuk_WP4-4_STNR05_I20190831_R20200109_BECU_IOP-CTD.csv","STNR05","4_STNR05",68.26841,-134.8287,"2019-08-31 16:45",1,NA,0.96,9.87109931415742,NA,NA,0.177456063689111,NA,NA
"Nunataryuk_WP4-4_STNR05_I20190831_R20200109_BECU_IOP-CTD.csv","STNR05","4_STNR05",68.26841,-134.8287,"2019-08-31 16:45",1,NA,0.97,9.87111470959585,NA,NA,0.177450756718137,NA,NA
"Nunataryuk_WP4-4_STNR05_I20190831_R20200109_BECU_IOP-CTD.csv","STNR05","4_STNR05",68.26841,-134.8287,"2019-08-31 16:45",1,NA,0.98,9.8711157142321,NA,NA,0.177449902269695,NA,NA
"Nunataryuk_WP4-4_STNR05_I20190831_R20200109_BECU_IOP-CTD.csv","STNR05","4_STNR05",68.26841,-134.8287,"2019-08-31 16:45",1,NA,0.99,9.87111454801035,NA,NA,0.177446699849244,NA,NA
"Nunataryuk_WP4-4_STNR05_I20190831_R20200109_BECU_IOP-CTD.csv","STNR05","4_STNR05",68.26841,-134.8287,"2019-08-31 16:45",1,NA,1,9.87110824787348,NA,NA,0.177441843145314,NA,NA
"Nunataryuk_WP4-4_STNR05_I20190831_R20200109_BECU_IOP-CTD.csv","STNR05","4_STNR05",68.26841,-134.8287,"2019-08-31 16:45",1,NA,1.01,9.87109210465406,NA,NA,0.177436985287415,NA,NA
"Nunataryuk_WP4-4_STNR05_I20190831_R20200109_BECU_IOP-CTD.csv","STNR05","4_STNR05",68.26841,-134.8287,"2019-08-31 16:45",1,NA,1.02,9.87106140918467,NA,NA,0.177433779405057,NA,NA
"Nunataryuk_WP4-4_STNR05_I20190831_R20200109_BECU_IOP-CTD.csv","STNR05","4_STNR05",68.26841,-134.8287,"2019-08-31 16:45",1,NA,1.03,9.87099784611295,NA,NA,0.177432663984159,NA,NA
"Nunataryuk_WP4-4_STNR05_I20190831_R20200109_BECU_IOP-CTD.csv","STNR05","4_STNR05",68.26841,-134.8287,"2019-08-31 16:45",1,NA,1.04,9.87088376321709,NA,NA,0.177431658041514,NA,NA
"Nunataryuk_WP4-4_STNR05_I20190831_R20200109_BECU_IOP-CTD.csv","STNR05","4_STNR05",68.26841,-134.8287,"2019-08-31 16:45",1,NA,1.05,9.8707489150363,NA,NA,0.177430758504641,NA,NA
"Nunataryuk_WP4-4_STNR05_I20190831_R20200109_BECU_IOP-CTD.csv","STNR05","4_STNR05",68.26841,-134.8287,"2019-08-31 16:45",1,NA,1.06,9.87062468183405,NA,NA,0.177430063253738,NA,NA
"Nunataryuk_WP4-4_STNR05_I20190831_R20200109_BECU_IOP-CTD.csv","STNR05","4_STNR05",68.26841,-134.8287,"2019-08-31 16:45",1,NA,1.07,9.87054168806381,NA,NA,0.17742972261316,NA,NA
"Nunataryuk_WP4-4_STNR05_I20190831_R20200109_BECU_IOP-CTD.csv","STNR05","4_STNR05",68.26841,-134.8287,"2019-08-31 16:45",1,NA,1.08,9.87047565173431,NA,NA,0.177432583026094,NA,NA
"Nunataryuk_WP4-4_STNR05_I20190831_R20200109_BECU_IOP-CTD.csv","STNR05","4_STNR05",68.26841,-134.8287,"2019-08-31 16:45",1,NA,1.09,9.87040984296726,NA,NA,0.177437536592743,NA,NA
"Nunataryuk_WP4-4_STNR05_I20190831_R20200109_BECU_IOP-CTD.csv","STNR05","4_STNR05",68.26841,-134.8287,"2019-08-31 16:45",1,NA,1.1,9.870356466641,NA,NA,0.177440819335796,NA,NA
"Nunataryuk_WP4-4_STNR05_I20190831_R20200109_BECU_IOP-CTD.csv","STNR05","4_STNR05",68.26841,-134.8287,"2019-08-31 16:45",1,NA,1.11,9.87032938396461,NA,NA,0.177440497647298,NA,NA
"Nunataryuk_WP4-4_STNR05_I20190831_R20200109_BECU_IOP-CTD.csv","STNR05","4_STNR05",68.26841,-134.8287,"2019-08-31 16:45",1,NA,1.12,9.87033072868576,NA,NA,0.177439700368282,NA,NA
"Nunataryuk_WP4-4_STNR05_I20190831_R20200109_BECU_IOP-CTD.csv","STNR05","4_STNR05",68.26841,-134.8287,"2019-08-31 16:45",1,NA,1.13,9.87034224300258,NA,NA,0.177438076127604,NA,NA
"Nunataryuk_WP4-4_STNR05_I20190831_R20200109_BECU_IOP-CTD.csv","STNR05","4_STNR05",68.26841,-134.8287,"2019-08-31 16:45",1,NA,1.14,9.87034486183932,NA,NA,0.177434967522456,NA,NA
"Nunataryuk_WP4-4_STNR05_I20190831_R20200109_BECU_IOP-CTD.csv","STNR05","4_STNR05",68.26841,-134.8287,"2019-08-31 16:45",1,NA,1.15,9.87033500060676,NA,NA,0.177426173564397,NA,NA
"Nunataryuk_WP4-4_STNR05_I20190831_R20200109_BECU_IOP-CTD.csv","STNR05","4_STNR05",68.26841,-134.8287,"2019-08-31 16:45",1,NA,1.16,9.87033302080832,NA,NA,0.177408128690984,NA,NA
"Nunataryuk_WP4-4_STNR05_I20190831_R20200109_BECU_IOP-CTD.csv","STNR05","4_STNR05",68.26841,-134.8287,"2019-08-31 16:45",1,NA,1.17,9.87033537994405,NA,NA,0.177387822244239,NA,NA
"Nunataryuk_WP4-4_STNR05_I20190831_R20200109_BECU_IOP-CTD.csv","STNR05","4_STNR05",68.26841,-134.8287,"2019-08-31 16:45",1,NA,1.18,9.87033771435735,NA,NA,0.177372503380163,NA,NA
"Nunataryuk_WP4-4_STNR05_I20190831_R20200109_BECU_IOP-CTD.csv","STNR05","4_STNR05",68.26841,-134.8287,"2019-08-31 16:45",1,NA,1.19,9.87033588807165,NA,NA,0.177369252323098,NA,NA
"Nunataryuk_WP4-4_STNR05_I20190831_R20200109_BECU_IOP-CTD.csv","STNR05","4_STNR05",68.26841,-134.8287,"2019-08-31 16:45",1,NA,1.2,9.8703341303176,NA,NA,0.177376695476025,NA,NA
"Nunataryuk_WP4-4_STNR05_I20190831_R20200109_BECU_IOP-CTD.csv","STNR05","4_STNR05",68.26841,-134.8287,"2019-08-31 16:45",1,NA,1.21,9.87033455153497,NA,NA,0.177388850246145,NA,NA
"Nunataryuk_WP4-4_STNR05_I20190831_R20200109_BECU_IOP-CTD.csv","STNR05","4_STNR05",68.26841,-134.8287,"2019-08-31 16:45",1,NA,1.22,9.87033566541997,NA,NA,0.177401380627763,NA,NA
"Nunataryuk_WP4-4_STNR05_I20190831_R20200109_BECU_IOP-CTD.csv","STNR05","4_STNR05",68.26841,-134.8287,"2019-08-31 16:45",1,NA,1.23,9.87032875089483,NA,NA,0.17741227896254,NA,NA
"Nunataryuk_WP4-4_STNR05_I20190831_R20200109_BECU_IOP-CTD.csv","STNR05","4_STNR05",68.26841,-134.8287,"2019-08-31 16:45",1,NA,1.24,9.87028521761763,NA,NA,0.177429541085521,NA,NA
"Nunataryuk_WP4-4_STNR05_I20190831_R20200109_BECU_IOP-CTD.csv","STNR05","4_STNR05",68.26841,-134.8287,"2019-08-31 16:45",1,NA,1.25,9.87023204433524,NA,NA,0.17744874056941,NA,NA
"Nunataryuk_WP4-4_STNR05_I20190831_R20200109_BECU_IOP-CTD.csv","STNR05","4_STNR05",68.26841,-134.8287,"2019-08-31 16:45",1,NA,1.26,9.87020408295302,NA,NA,0.177463288187285,NA,NA
"Nunataryuk_WP4-4_STNR05_I20190831_R20200109_BECU_IOP-CTD.csv","STNR05","4_STNR05",68.26841,-134.8287,"2019-08-31 16:45",1,NA,1.27,9.87022893789112,NA,NA,0.177471806900628,NA,NA
"Nunataryuk_WP4-4_STNR05_I20190831_R20200109_BECU_IOP-CTD.csv","STNR05","4_STNR05",68.26841,-134.8287,"2019-08-31 16:45",1,NA,1.28,9.87029155506911,NA,NA,0.177488490310628,NA,NA
"Nunataryuk_WP4-4_STNR05_I20190831_R20200109_BECU_IOP-CTD.csv","STNR05","4_STNR05",68.26841,-134.8287,"2019-08-31 16:45",1,NA,1.29,9.87037695898826,NA,NA,0.177508287944912,NA,NA
"Nunataryuk_WP4-4_STNR05_I20190831_R20200109_BECU_IOP-CTD.csv","STNR05","4_STNR05",68.26841,-134.8287,"2019-08-31 16:45",1,NA,1.3,9.87047202695059,NA,NA,0.17752389854022,NA,NA
"Nunataryuk_WP4-4_STNR05_I20190831_R20200109_BECU_IOP-CTD.csv","STNR05","4_STNR05",68.26841,-134.8287,"2019-08-31 16:45",1,NA,1.31,9.87056363625812,NA,NA,0.177528020833297,NA,NA
"Nunataryuk_WP4-4_STNR05_I20190831_R20200109_BECU_IOP-CTD.csv","STNR05","4_STNR05",68.26841,-134.8287,"2019-08-31 16:45",1,NA,1.32,9.87065527165614,NA,NA,0.177512451102898,NA,NA
"Nunataryuk_WP4-4_STNR05_I20190831_R20200109_BECU_IOP-CTD.csv","STNR05","4_STNR05",68.26841,-134.8287,"2019-08-31 16:45",1,NA,1.33,9.87079185990376,NA,NA,0.177474573501745,NA,NA
"Nunataryuk_WP4-4_STNR05_I20190831_R20200109_BECU_IOP-CTD.csv","STNR05","4_STNR05",68.26841,-134.8287,"2019-08-31 16:45",1,NA,1.34,9.87094663459589,NA,NA,0.177425624750691,NA,NA
"Nunataryuk_WP4-4_STNR05_I20190831_R20200109_BECU_IOP-CTD.csv","STNR05","4_STNR05",68.26841,-134.8287,"2019-08-31 16:45",1,NA,1.35,9.87108516109124,NA,NA,0.17737773479136,NA,NA
"Nunataryuk_WP4-4_STNR05_I20190831_R20200109_BECU_IOP-CTD.csv","STNR05","4_STNR05",68.26841,-134.8287,"2019-08-31 16:45",1,NA,1.36,9.87117300474858,NA,NA,0.177343033565377,NA,NA
"Nunataryuk_WP4-4_STNR05_I20190831_R20200109_BECU_IOP-CTD.csv","STNR05","4_STNR05",68.26841,-134.8287,"2019-08-31 16:45",1,NA,1.37,9.87121364751351,NA,NA,0.177312605477694,NA,NA
"Nunataryuk_WP4-4_STNR05_I20190831_R20200109_BECU_IOP-CTD.csv","STNR05","4_STNR05",68.26841,-134.8287,"2019-08-31 16:45",1,NA,1.38,9.87124923156965,NA,NA,0.177271573550503,NA,NA
"Nunataryuk_WP4-4_STNR05_I20190831_R20200109_BECU_IOP-CTD.csv","STNR05","4_STNR05",68.26841,-134.8287,"2019-08-31 16:45",1,NA,1.39,9.8712667448891,NA,NA,0.177246268650006,NA,NA
"Nunataryuk_WP4-4_STNR05_I20190831_R20200109_BECU_IOP-CTD.csv","STNR05","4_STNR05",68.26841,-134.8287,"2019-08-31 16:45",1,NA,1.4,9.87125611176551,NA,NA,0.17723218755577,NA,NA
"Nunataryuk_WP4-4_STNR05_I20190831_R20200109_BECU_IOP-CTD.csv","STNR05","4_STNR05",68.26841,-134.8287,"2019-08-31 16:45",1,NA,1.41,9.87122372234766,NA,NA,0.177221214034918,NA,NA
"Nunataryuk_WP4-4_STNR05_I20190831_R20200109_BECU_IOP-CTD.csv","STNR05","4_STNR05",68.26841,-134.8287,"2019-08-31 16:45",1,NA,1.42,9.87117934998755,NA,NA,0.177214852869639,NA,NA
"Nunataryuk_WP4-4_STNR05_I20190831_R20200109_BECU_IOP-CTD.csv","STNR05","4_STNR05",68.26841,-134.8287,"2019-08-31 16:45",1,NA,1.43,9.87113156814286,NA,NA,0.177214837731246,NA,NA
"Nunataryuk_WP4-4_STNR05_I20190831_R20200109_BECU_IOP-CTD.csv","STNR05","4_STNR05",68.26841,-134.8287,"2019-08-31 16:45",1,NA,1.44,9.87104734059192,NA,NA,0.177229411093073,NA,NA
"Nunataryuk_WP4-4_STNR05_I20190831_R20200109_BECU_IOP-CTD.csv","STNR05","4_STNR05",68.26841,-134.8287,"2019-08-31 16:45",1,NA,1.45,9.87092466931402,NA,NA,0.177256890748502,NA,NA
"Nunataryuk_WP4-4_STNR05_I20190831_R20200109_BECU_IOP-CTD.csv","STNR05","4_STNR05",68.26841,-134.8287,"2019-08-31 16:45",1,NA,1.46,9.87078647451249,NA,NA,0.17729016383982,NA,NA
"Nunataryuk_WP4-4_STNR05_I20190831_R20200109_BECU_IOP-CTD.csv","STNR05","4_STNR05",68.26841,-134.8287,"2019-08-31 16:45",1,NA,1.47,9.87065567639063,NA,NA,0.177322117509319,NA,NA
"Nunataryuk_WP4-4_STNR05_I20190831_R20200109_BECU_IOP-CTD.csv","STNR05","4_STNR05",68.26841,-134.8287,"2019-08-31 16:45",1,NA,1.48,9.87055518953306,NA,NA,0.177345642023443,NA,NA
"Nunataryuk_WP4-4_STNR05_I20190831_R20200109_BECU_IOP-CTD.csv","STNR05","4_STNR05",68.26841,-134.8287,"2019-08-31 16:45",1,NA,1.49,9.8704768675778,NA,NA,0.177369050610549,NA,NA
"Nunataryuk_WP4-4_STNR05_I20190831_R20200109_BECU_IOP-CTD.csv","STNR05","4_STNR05",68.26841,-134.8287,"2019-08-31 16:45",1,NA,1.5,9.87040106766304,NA,NA,0.17739986734873,NA,NA
"Nunataryuk_WP4-4_STNR05_I20190831_R20200109_BECU_IOP-CTD.csv","STNR05","4_STNR05",68.26841,-134.8287,"2019-08-31 16:45",1,NA,1.51,9.87033115389103,NA,NA,0.177431079708172,NA,NA
"Nunataryuk_WP4-4_STNR05_I20190831_R20200109_BECU_IOP-CTD.csv","STNR05","4_STNR05",68.26841,-134.8287,"2019-08-31 16:45",1,NA,1.52,9.87027049036399,NA,NA,0.177455675159062,NA,NA
"Nunataryuk_WP4-4_STNR05_I20190831_R20200109_BECU_IOP-CTD.csv","STNR05","4_STNR05",68.26841,-134.8287,"2019-08-31 16:45",1,NA,1.53,9.87022112830151,NA,NA,0.177467521224377,NA,NA
"Nunataryuk_WP4-4_STNR05_I20190831_R20200109_BECU_IOP-CTD.csv","STNR05","4_STNR05",68.26841,-134.8287,"2019-08-31 16:45",1,NA,1.54,9.87017489776861,NA,NA,0.177471220221636,NA,NA
"Nunataryuk_WP4-4_STNR05_I20190831_R20200109_BECU_IOP-CTD.csv","STNR05","4_STNR05",68.26841,-134.8287,"2019-08-31 16:45",1,NA,1.55,9.87013477898939,NA,NA,0.177471267350775,NA,NA
"Nunataryuk_WP4-4_STNR05_I20190831_R20200109_BECU_IOP-CTD.csv","STNR05","4_STNR05",68.26841,-134.8287,"2019-08-31 16:45",1,NA,1.56,9.87009816641293,NA,NA,0.17746965097774,NA,NA
"Nunataryuk_WP4-4_STNR05_I20190831_R20200109_BECU_IOP-CTD.csv","STNR05","4_STNR05",68.26841,-134.8287,"2019-08-31 16:45",1,NA,1.57,9.87004788003213,NA,NA,0.177464816414679,NA,NA
"Nunataryuk_WP4-4_STNR05_I20190831_R20200109_BECU_IOP-CTD.csv","STNR05","4_STNR05",68.26841,-134.8287,"2019-08-31 16:45",1,NA,1.58,9.87000412916614,NA,NA,0.177457493727461,NA,NA
"Nunataryuk_WP4-4_STNR05_I20190831_R20200109_BECU_IOP-CTD.csv","STNR05","4_STNR05",68.26841,-134.8287,"2019-08-31 16:45",1,NA,1.59,9.86999186462173,NA,NA,0.177447548399214,NA,NA
"Nunataryuk_WP4-4_STNR05_I20190831_R20200109_BECU_IOP-CTD.csv","STNR05","4_STNR05",68.26841,-134.8287,"2019-08-31 16:45",1,NA,1.6,9.87003516719164,NA,NA,0.177426582893088,NA,NA
"Nunataryuk_WP4-4_STNR05_I20190831_R20200109_BECU_IOP-CTD.csv","STNR05","4_STNR05",68.26841,-134.8287,"2019-08-31 16:45",1,NA,1.61,9.87011722436162,NA,NA,0.177397053301076,NA,NA
"Nunataryuk_WP4-4_STNR05_I20190831_R20200109_BECU_IOP-CTD.csv","STNR05","4_STNR05",68.26841,-134.8287,"2019-08-31 16:45",1,NA,1.62,9.87021437988315,NA,NA,0.177364373068252,NA,NA
"Nunataryuk_WP4-4_STNR05_I20190831_R20200109_BECU_IOP-CTD.csv","STNR05","4_STNR05",68.26841,-134.8287,"2019-08-31 16:45",1,NA,1.63,9.87030297750769,NA,NA,0.177333955639688,NA,NA
"Nunataryuk_WP4-4_STNR05_I20190831_R20200109_BECU_IOP-CTD.csv","STNR05","4_STNR05",68.26841,-134.8287,"2019-08-31 16:45",1,NA,1.64,9.8703593609867,NA,NA,0.177311214460458,NA,NA
"Nunataryuk_WP4-4_STNR05_I20190831_R20200109_BECU_IOP-CTD.csv","STNR05","4_STNR05",68.26841,-134.8287,"2019-08-31 16:45",1,NA,1.65,9.87036090374635,NA,NA,0.177301309937096,NA,NA
"Nunataryuk_WP4-4_STNR05_I20190831_R20200109_BECU_IOP-CTD.csv","STNR05","4_STNR05",68.26841,-134.8287,"2019-08-31 16:45",1,NA,1.66,9.87031871864578,NA,NA,0.177301291331381,NA,NA
"Nunataryuk_WP4-4_STNR05_I20190831_R20200109_BECU_IOP-CTD.csv","STNR05","4_STNR05",68.26841,-134.8287,"2019-08-31 16:45",1,NA,1.67,9.87025320629433,NA,NA,0.177306385465222,NA,NA
"Nunataryuk_WP4-4_STNR05_I20190831_R20200109_BECU_IOP-CTD.csv","STNR05","4_STNR05",68.26841,-134.8287,"2019-08-31 16:45",1,NA,1.68,9.87017736826407,NA,NA,0.177313706747306,NA,NA
"Nunataryuk_WP4-4_STNR05_I20190831_R20200109_BECU_IOP-CTD.csv","STNR05","4_STNR05",68.26841,-134.8287,"2019-08-31 16:45",1,NA,1.69,9.87010420612704,NA,NA,0.177320369586321,NA,NA
"Nunataryuk_WP4-4_STNR05_I20190831_R20200109_BECU_IOP-CTD.csv","STNR05","4_STNR05",68.26841,-134.8287,"2019-08-31 16:45",1,NA,1.7,9.87002010268589,NA,NA,0.177327193479922,NA,NA
"Nunataryuk_WP4-4_STNR05_I20190831_R20200109_BECU_IOP-CTD.csv","STNR05","4_STNR05",68.26841,-134.8287,"2019-08-31 16:45",1,NA,1.71,9.86986206494155,NA,NA,0.17734334111748,NA,NA
"Nunataryuk_WP4-4_STNR05_I20190831_R20200109_BECU_IOP-CTD.csv","STNR05","4_STNR05",68.26841,-134.8287,"2019-08-31 16:45",1,NA,1.72,9.86972199785137,NA,NA,0.177358357708411,NA,NA
"Nunataryuk_WP4-4_STNR05_I20190831_R20200109_BECU_IOP-CTD.csv","STNR05","4_STNR05",68.26841,-134.8287,"2019-08-31 16:45",1,NA,1.73,9.86966576500412,NA,NA,0.177363925564082,NA,NA
"Nunataryuk_WP4-4_STNR05_I20190831_R20200109_BECU_IOP-CTD.csv","STNR05","4_STNR05",68.26841,-134.8287,"2019-08-31 16:45",1,NA,1.74,9.86958818441685,NA,NA,0.177370465765593,NA,NA
"Nunataryuk_WP4-4_STNR05_I20190831_R20200109_BECU_IOP-CTD.csv","STNR05","4_STNR05",68.26841,-134.8287,"2019-08-31 16:45",1,NA,1.75,9.86950737448553,NA,NA,0.177377678551627,NA,NA
"Nunataryuk_WP4-4_STNR05_I20190831_R20200109_BECU_IOP-CTD.csv","STNR05","4_STNR05",68.26841,-134.8287,"2019-08-31 16:45",1,NA,1.76,9.86946077350474,NA,NA,0.177383395640876,NA,NA
"Nunataryuk_WP4-4_STNR05_I20190831_R20200109_BECU_IOP-CTD.csv","STNR05","4_STNR05",68.26841,-134.8287,"2019-08-31 16:45",1,NA,1.77,9.86948662363259,NA,NA,0.177385037600185,NA,NA
"Nunataryuk_WP4-4_STNR05_I20190831_R20200109_BECU_IOP-CTD.csv","STNR05","4_STNR05",68.26841,-134.8287,"2019-08-31 16:45",1,NA,1.78,9.86961974393974,NA,NA,0.177373572642692,NA,NA
"Nunataryuk_WP4-4_STNR05_I20190831_R20200109_BECU_IOP-CTD.csv","STNR05","4_STNR05",68.26841,-134.8287,"2019-08-31 16:45",1,NA,1.79,9.8698314839917,NA,NA,0.177351876569757,NA,NA
"Nunataryuk_WP4-4_STNR05_I20190831_R20200109_BECU_IOP-CTD.csv","STNR05","4_STNR05",68.26841,-134.8287,"2019-08-31 16:45",1,NA,1.8,9.87007775634766,NA,NA,0.177327696821743,NA,NA
"Nunataryuk_WP4-4_STNR05_I20190831_R20200109_BECU_IOP-CTD.csv","STNR05","4_STNR05",68.26841,-134.8287,"2019-08-31 16:45",1,NA,1.81,9.87031447356683,NA,NA,0.177308780839016,NA,NA
"Nunataryuk_WP4-4_STNR05_I20190831_R20200109_BECU_IOP-CTD.csv","STNR05","4_STNR05",68.26841,-134.8287,"2019-08-31 16:45",1,NA,1.82,9.87049754820841,NA,NA,0.177302876061939,NA,NA
"Nunataryuk_WP4-4_STNR05_I20190831_R20200109_BECU_IOP-CTD.csv","STNR05","4_STNR05",68.26841,-134.8287,"2019-08-31 16:45",1,NA,1.83,9.87065371525238,NA,NA,0.177312837475183,NA,NA
"Nunataryuk_WP4-4_STNR05_I20190831_R20200109_BECU_IOP-CTD.csv","STNR05","4_STNR05",68.26841,-134.8287,"2019-08-31 16:45",1,NA,1.84,9.87085529744847,NA,NA,0.177330702228194,NA,NA
"Nunataryuk_WP4-4_STNR05_I20190831_R20200109_BECU_IOP-CTD.csv","STNR05","4_STNR05",68.26841,-134.8287,"2019-08-31 16:45",1,NA,1.85,9.87105204294299,NA,NA,0.177351311287735,NA,NA
"Nunataryuk_WP4-4_STNR05_I20190831_R20200109_BECU_IOP-CTD.csv","STNR05","4_STNR05",68.26841,-134.8287,"2019-08-31 16:45",1,NA,1.86,9.87119164059931,NA,NA,0.177369626393526,NA,NA
"Nunataryuk_WP4-4_STNR05_I20190831_R20200109_BECU_IOP-CTD.csv","STNR05","4_STNR05",68.26841,-134.8287,"2019-08-31 16:45",1,NA,1.87,9.87125910868115,NA,NA,0.177399335599355,NA,NA
"Nunataryuk_WP4-4_STNR05_I20190831_R20200109_BECU_IOP-CTD.csv","STNR05","4_STNR05",68.26841,-134.8287,"2019-08-31 16:45",1,NA,1.88,9.87129146332376,NA,NA,0.177440767547487,NA,NA
"Nunataryuk_WP4-4_STNR05_I20190831_R20200109_BECU_IOP-CTD.csv","STNR05","4_STNR05",68.26841,-134.8287,"2019-08-31 16:45",1,NA,1.89,9.87131869323414,NA,NA,0.177472888155139,NA,NA
"Nunataryuk_WP4-4_STNR05_I20190831_R20200109_BECU_IOP-CTD.csv","STNR05","4_STNR05",68.26841,-134.8287,"2019-08-31 16:45",1,NA,1.9,9.87133927043835,NA,NA,0.177490762511783,NA,NA
"Nunataryuk_WP4-4_STNR05_I20190831_R20200109_BECU_IOP-CTD.csv","STNR05","4_STNR05",68.26841,-134.8287,"2019-08-31 16:45",1,NA,1.91,9.87131848705987,NA,NA,0.17751198010577,NA,NA
"Nunataryuk_WP4-4_STNR05_I20190831_R20200109_BECU_IOP-CTD.csv","STNR05","4_STNR05",68.26841,-134.8287,"2019-08-31 16:45",1,NA,1.92,9.87127279769283,NA,NA,0.177532316039529,NA,NA
"Nunataryuk_WP4-4_STNR05_I20190831_R20200109_BECU_IOP-CTD.csv","STNR05","4_STNR05",68.26841,-134.8287,"2019-08-31 16:45",1,NA,1.93,9.871219841192,NA,NA,0.177546985892873,NA,NA
"Nunataryuk_WP4-4_STNR05_I20190831_R20200109_BECU_IOP-CTD.csv","STNR05","4_STNR05",68.26841,-134.8287,"2019-08-31 16:45",1,NA,1.94,9.87117725641211,NA,NA,0.177551205245615,NA,NA
"Nunataryuk_WP4-4_STNR05_I20190831_R20200109_BECU_IOP-CTD.csv","STNR05","4_STNR05",68.26841,-134.8287,"2019-08-31 16:45",1,NA,1.95,9.87115527180497,NA,NA,0.1775365358513,NA,NA
"Nunataryuk_WP4-4_STNR05_I20190831_R20200109_BECU_IOP-CTD.csv","STNR05","4_STNR05",68.26841,-134.8287,"2019-08-31 16:45",1,NA,1.96,9.87114301206847,NA,NA,0.177502337366692,NA,NA
"Nunataryuk_WP4-4_STNR05_I20190831_R20200109_BECU_IOP-CTD.csv","STNR05","4_STNR05",68.26841,-134.8287,"2019-08-31 16:45",1,NA,1.97,9.87112993146293,NA,NA,0.177461252410577,NA,NA
"Nunataryuk_WP4-4_STNR05_I20190831_R20200109_BECU_IOP-CTD.csv","STNR05","4_STNR05",68.26841,-134.8287,"2019-08-31 16:45",1,NA,1.98,9.87110558045688,NA,NA,0.177426067270647,NA,NA
"Nunataryuk_WP4-4_STNR05_I20190831_R20200109_BECU_IOP-CTD.csv","STNR05","4_STNR05",68.26841,-134.8287,"2019-08-31 16:45",1,NA,1.99,9.87106098936626,NA,NA,0.177400920751224,NA,NA
"Nunataryuk_WP4-4_STNR05_I20190831_R20200109_BECU_IOP-CTD.csv","STNR05","4_STNR05",68.26841,-134.8287,"2019-08-31 16:45",1,NA,2,9.871000825808,NA,NA,0.177367640445598,NA,NA
"Nunataryuk_WP4-4_STNR05_I20190831_R20200109_BECU_IOP-CTD.csv","STNR05","4_STNR05",68.26841,-134.8287,"2019-08-31 16:45",1,NA,2.01,9.87093636143628,NA,NA,0.177339482323453,NA,NA
"Nunataryuk_WP4-4_STNR05_I20190831_R20200109_BECU_IOP-CTD.csv","STNR05","4_STNR05",68.26841,-134.8287,"2019-08-31 16:45",1,NA,2.02,9.87086526999402,NA,NA,0.177324521878795,NA,NA
"Nunataryuk_WP4-4_STNR05_I20190831_R20200109_BECU_IOP-CTD.csv","STNR05","4_STNR05",68.26841,-134.8287,"2019-08-31 16:45",1,NA,2.03,9.87077485976302,NA,NA,0.177313573330838,NA,NA
"Nunataryuk_WP4-4_STNR05_I20190831_R20200109_BECU_IOP-CTD.csv","STNR05","4_STNR05",68.26841,-134.8287,"2019-08-31 16:45",1,NA,2.04,9.87067609388552,NA,NA,0.177306496927652,NA,NA
"Nunataryuk_WP4-4_STNR05_I20190831_R20200109_BECU_IOP-CTD.csv","STNR05","4_STNR05",68.26841,-134.8287,"2019-08-31 16:45",1,NA,2.05,9.8705434506726,NA,NA,0.177306610136353,NA,NA
"Nunataryuk_WP4-4_STNR05_I20190831_R20200109_BECU_IOP-CTD.csv","STNR05","4_STNR05",68.26841,-134.8287,"2019-08-31 16:45",1,NA,2.06,9.87039046729609,NA,NA,0.177312117353735,NA,NA
"Nunataryuk_WP4-4_STNR05_I20190831_R20200109_BECU_IOP-CTD.csv","STNR05","4_STNR05",68.26841,-134.8287,"2019-08-31 16:45",1,NA,2.07,9.87024278058558,NA,NA,0.177319886677988,NA,NA
"Nunataryuk_WP4-4_STNR05_I20190831_R20200109_BECU_IOP-CTD.csv","STNR05","4_STNR05",68.26841,-134.8287,"2019-08-31 16:45",1,NA,2.08,9.87012601622124,NA,NA,0.177326788675424,NA,NA
"Nunataryuk_WP4-4_STNR05_I20190831_R20200109_BECU_IOP-CTD.csv","STNR05","4_STNR05",68.26841,-134.8287,"2019-08-31 16:45",1,NA,2.09,9.8700127380688,NA,NA,0.177340621384813,NA,NA
"Nunataryuk_WP4-4_STNR05_I20190831_R20200109_BECU_IOP-CTD.csv","STNR05","4_STNR05",68.26841,-134.8287,"2019-08-31 16:45",1,NA,2.1,9.86988601934256,NA,NA,0.17736367457884,NA,NA
"Nunataryuk_WP4-4_STNR05_I20190831_R20200109_BECU_IOP-CTD.csv","STNR05","4_STNR05",68.26841,-134.8287,"2019-08-31 16:45",1,NA,2.11,9.86978267958876,NA,NA,0.177385567610817,NA,NA
"Nunataryuk_WP4-4_STNR05_I20190831_R20200109_BECU_IOP-CTD.csv","STNR05","4_STNR05",68.26841,-134.8287,"2019-08-31 16:45",1,NA,2.12,9.86973933794066,NA,NA,0.177395948572242,NA,NA
"Nunataryuk_WP4-4_STNR05_I20190831_R20200109_BECU_IOP-CTD.csv","STNR05","4_STNR05",68.26841,-134.8287,"2019-08-31 16:45",1,NA,2.13,9.86973449054871,NA,NA,0.177394881742713,NA,NA
"Nunataryuk_WP4-4_STNR05_I20190831_R20200109_BECU_IOP-CTD.csv","STNR05","4_STNR05",68.26841,-134.8287,"2019-08-31 16:45",1,NA,2.14,9.86974352983004,NA,NA,0.177390210156097,NA,NA
"Nunataryuk_WP4-4_STNR05_I20190831_R20200109_BECU_IOP-CTD.csv","STNR05","4_STNR05",68.26841,-134.8287,"2019-08-31 16:45",1,NA,2.15,9.86978201182105,NA,NA,0.177385427127101,NA,NA
"Nunataryuk_WP4-4_STNR05_I20190831_R20200109_BECU_IOP-CTD.csv","STNR05","4_STNR05",68.26841,-134.8287,"2019-08-31 16:45",1,NA,2.16,9.86990405430088,NA,NA,0.177369189841154,NA,NA
"Nunataryuk_WP4-4_STNR05_I20190831_R20200109_BECU_IOP-CTD.csv","STNR05","4_STNR05",68.26841,-134.8287,"2019-08-31 16:45",1,NA,2.17,9.87008969641947,NA,NA,0.177344590373678,NA,NA
"Nunataryuk_WP4-4_STNR05_I20190831_R20200109_BECU_IOP-CTD.csv","STNR05","4_STNR05",68.26841,-134.8287,"2019-08-31 16:45",1,NA,2.18,9.87027947677837,NA,NA,0.177325436641524,NA,NA
"Nunataryuk_WP4-4_STNR05_I20190831_R20200109_BECU_IOP-CTD.csv","STNR05","4_STNR05",68.26841,-134.8287,"2019-08-31 16:45",1,NA,2.19,9.87043455118867,NA,NA,0.177322403127018,NA,NA
"Nunataryuk_WP4-4_STNR05_I20190831_R20200109_BECU_IOP-CTD.csv","STNR05","4_STNR05",68.26841,-134.8287,"2019-08-31 16:45",1,NA,2.2,9.8706348551416,NA,NA,0.177323867551143,NA,NA
"Nunataryuk_WP4-4_STNR05_I20190831_R20200109_BECU_IOP-CTD.csv","STNR05","4_STNR05",68.26841,-134.8287,"2019-08-31 16:45",1,NA,2.21,9.87085182320633,NA,NA,0.177327767146606,NA,NA
"Nunataryuk_WP4-4_STNR05_I20190831_R20200109_BECU_IOP-CTD.csv","STNR05","4_STNR05",68.26841,-134.8287,"2019-08-31 16:45",1,NA,2.22,9.87103186058056,NA,NA,0.177335303871894,NA,NA
"Nunataryuk_WP4-4_STNR05_I20190831_R20200109_BECU_IOP-CTD.csv","STNR05","4_STNR05",68.26841,-134.8287,"2019-08-31 16:45",1,NA,2.23,9.87112601592806,NA,NA,0.177351997658342,NA,NA
"Nunataryuk_WP4-4_STNR05_I20190831_R20200109_BECU_IOP-CTD.csv","STNR05","4_STNR05",68.26841,-134.8287,"2019-08-31 16:45",1,NA,2.24,9.8711482412153,NA,NA,0.177392644592658,NA,NA
"Nunataryuk_WP4-4_STNR05_I20190831_R20200109_BECU_IOP-CTD.csv","STNR05","4_STNR05",68.26841,-134.8287,"2019-08-31 16:45",1,NA,2.25,9.87115371234881,NA,NA,0.177437309735814,NA,NA
"Nunataryuk_WP4-4_STNR05_I20190831_R20200109_BECU_IOP-CTD.csv","STNR05","4_STNR05",68.26841,-134.8287,"2019-08-31 16:45",1,NA,2.26,9.8711962141441,NA,NA,0.17746326061272,NA,NA
"Nunataryuk_WP4-4_STNR05_I20190831_R20200109_BECU_IOP-CTD.csv","STNR05","4_STNR05",68.26841,-134.8287,"2019-08-31 16:45",1,NA,2.27,9.87127562107572,NA,NA,0.177481341396504,NA,NA
"Nunataryuk_WP4-4_STNR05_I20190831_R20200109_BECU_IOP-CTD.csv","STNR05","4_STNR05",68.26841,-134.8287,"2019-08-31 16:45",1,NA,2.28,9.87135362308594,NA,NA,0.177490461820355,NA,NA
"Nunataryuk_WP4-4_STNR05_I20190831_R20200109_BECU_IOP-CTD.csv","STNR05","4_STNR05",68.26841,-134.8287,"2019-08-31 16:45",1,NA,2.29,9.87141481013053,NA,NA,0.177472683276831,NA,NA
"Nunataryuk_WP4-4_STNR05_I20190831_R20200109_BECU_IOP-CTD.csv","STNR05","4_STNR05",68.26841,-134.8287,"2019-08-31 16:45",1,NA,2.3,9.87147176303955,NA,NA,0.177434135849069,NA,NA
"Nunataryuk_WP4-4_STNR05_I20190831_R20200109_BECU_IOP-CTD.csv","STNR05","4_STNR05",68.26841,-134.8287,"2019-08-31 16:45",1,NA,2.31,9.87151637623211,NA,NA,0.177396934106751,NA,NA
"Nunataryuk_WP4-4_STNR05_I20190831_R20200109_BECU_IOP-CTD.csv","STNR05","4_STNR05",68.26841,-134.8287,"2019-08-31 16:45",1,NA,2.32,9.87156695732065,NA,NA,0.177337075149041,NA,NA
"Nunataryuk_WP4-4_STNR05_I20190831_R20200109_BECU_IOP-CTD.csv","STNR05","4_STNR05",68.26841,-134.8287,"2019-08-31 16:45",1,NA,2.33,9.87158800411436,NA,NA,0.177307707428717,NA,NA
"Nunataryuk_WP4-4_STNR05_I20190831_R20200109_BECU_IOP-CTD.csv","STNR05","4_STNR05",68.26841,-134.8287,"2019-08-31 16:45",1,NA,2.34,9.8715342652858,NA,NA,0.177286266391143,NA,NA
"Nunataryuk_WP4-4_STNR05_I20190831_R20200109_BECU_IOP-CTD.csv","STNR05","4_STNR05",68.26841,-134.8287,"2019-08-31 16:45",1,NA,2.35,9.87151020627882,NA,NA,0.177299649906802,NA,NA
"Nunataryuk_WP4-4_STNR05_I20190831_R20200109_BECU_IOP-CTD.csv","STNR05","4_STNR05",68.26841,-134.8287,"2019-08-31 16:45",1,NA,2.36,9.87147960225982,NA,NA,0.177356434997234,NA,NA
"Nunataryuk_WP4-4_STNR05_I20190831_R20200109_BECU_IOP-CTD.csv","STNR05","4_STNR05",68.26841,-134.8287,"2019-08-31 16:45",1,NA,2.37,9.8715362143132,NA,NA,0.17740134899158,NA,NA
"Nunataryuk_WP4-4_STNR05_I20190831_R20200109_BECU_IOP-CTD.csv","STNR05","4_STNR05",68.26841,-134.8287,"2019-08-31 16:45",1,NA,2.38,9.87168712440034,NA,NA,0.177450893688679,NA,NA
"Nunataryuk_WP4-4_STNR05_I20190831_R20200109_BECU_IOP-CTD.csv","STNR05","4_STNR05",68.26841,-134.8287,"2019-08-31 16:45",1,NA,2.39,9.87179612238868,NA,NA,0.17745900390592,NA,NA
"Nunataryuk_WP4-4_STNR05_I20190831_R20200109_BECU_IOP-CTD.csv","STNR05","4_STNR05",68.26841,-134.8287,"2019-08-31 16:45",1,NA,2.4,9.87187949495573,NA,NA,0.177428824866279,NA,NA
"Nunataryuk_WP4-4_STNR05_I20190831_R20200109_BECU_IOP-CTD.csv","STNR05","4_STNR05",68.26841,-134.8287,"2019-08-31 16:45",1,NA,2.41,9.87192375495849,NA,NA,0.17736190878627,NA,NA
"Nunataryuk_WP4-4_STNR05_I20190831_R20200109_BECU_IOP-CTD.csv","STNR05","4_STNR05",68.26841,-134.8287,"2019-08-31 16:45",1,NA,2.42,9.87192079683598,NA,NA,0.177258082700394,NA,NA
