"Time_ms"	"DateTime"	"Pres_dbar"	"Temp"	"Sal"	"flag"
0	"2000-01-01 00:00:03.000"	0.0414	14.7771	0	FALSE
130	"2000-01-01 00:00:03.125"	0.0411	14.7812	0	FALSE
260	"2000-01-01 00:00:03.250"	0.0411	14.784	0	FALSE
390	"2000-01-01 00:00:03.375"	0.0411	14.7851	0	FALSE
520	"2000-01-01 00:00:03.500"	0.0416	14.7822	0	FALSE
650	"2000-01-01 00:00:03.625"	0.0416	14.7845	0	FALSE
780	"2000-01-01 00:00:03.750"	0.0418	14.7895	0	FALSE
910	"2000-01-01 00:00:03.875"	0.0419	14.7984	0	FALSE
1040	"2000-01-01 00:00:04.000"	0.0422	14.8101	0	FALSE
1170	"2000-01-01 00:00:04.125"	0.0416	14.8172	0.0077	FALSE
1300	"2000-01-01 00:00:04.250"	0.0411	14.8236	0	FALSE
1430	"2000-01-01 00:00:04.375"	0.0411	14.8331	0	FALSE
1560	"2000-01-01 00:00:04.500"	0.041	14.8341	0	FALSE
1690	"2000-01-01 00:00:04.625"	0.0406	14.836	0	FALSE
1820	"2000-01-01 00:00:04.750"	0.0406	14.8452	0	FALSE
1950	"2000-01-01 00:00:04.875"	0.0407	14.8551	0	FALSE
2080	"2000-01-01 00:00:05.000"	0.0413	14.8761	0	FALSE
2210	"2000-01-01 00:00:05.125"	0.0414	14.8972	0	FALSE
2340	"2000-01-01 00:00:05.250"	0.0413	14.8981	0	FALSE
2470	"2000-01-01 00:00:05.375"	0.0419	14.9085	0	FALSE
2600	"2000-01-01 00:00:05.500"	0.0419	14.9379	0	FALSE
2730	"2000-01-01 00:00:05.625"	0.042	14.9632	0	FALSE
2730	"2000-01-01 00:00:05.750"	0.0419	14.9889	0	FALSE
2860	"2000-01-01 00:00:05.875"	0.0421	15.001	0	FALSE
2990	"2000-01-01 00:00:06.000"	0.0428	15.0066	0	FALSE
3120	"2000-01-01 00:00:06.125"	0.0424	15.0103	0	FALSE
3250	"2000-01-01 00:00:06.250"	0.0419	15.009	0	FALSE
3380	"2000-01-01 00:00:06.375"	0.0431	15.0113	0	FALSE
3510	"2000-01-01 00:00:06.500"	0.0427	15.0158	0.0078	FALSE
3640	"2000-01-01 00:00:06.625"	0.0433	15.0216	0	FALSE
3770	"2000-01-01 00:00:06.750"	0.0428	15.0233	0	FALSE
3900	"2000-01-01 00:00:06.875"	0.0431	15.0239	0	FALSE
4030	"2000-01-01 00:00:07.000"	0.0433	15.0188	0	FALSE
4160	"2000-01-01 00:00:07.125"	0.0432	15.0204	0	FALSE
4290	"2000-01-01 00:00:07.250"	0.0422	15.0267	0	FALSE
4420	"2000-01-01 00:00:07.375"	0.0419	15.0317	0.0078	FALSE
4550	"2000-01-01 00:00:07.500"	0.0407	15.0315	0	FALSE
4680	"2000-01-01 00:00:07.625"	0.0411	15.028	0	FALSE
4810	"2000-01-01 00:00:07.750"	0.0415	15.0287	0	FALSE
4940	"2000-01-01 00:00:07.875"	0.0409	15.0303	0	FALSE
5070	"2000-01-01 00:00:08.000"	0.0418	15.0304	0	FALSE
5200	"2000-01-01 00:00:08.125"	0.0417	15.0271	0	FALSE
5330	"2000-01-01 00:00:08.250"	0.0427	15.0251	0	FALSE
5460	"2000-01-01 00:00:08.375"	0.0423	15.0254	0.0078	FALSE
5590	"2000-01-01 00:00:08.500"	0.0433	15.0246	0.0077	FALSE
5720	"2000-01-01 00:00:08.625"	0.043	15.0249	0	FALSE
5720	"2000-01-01 00:00:08.750"	0.044	15.0217	0.0077	FALSE
5980	"2000-01-01 00:00:08.875"	0.0444	15.0197	0	FALSE
5980	"2000-01-01 00:00:09.000"	0.0435	15.019	0	FALSE
6110	"2000-01-01 00:00:09.125"	0.0433	15.0158	0	FALSE
6370	"2000-01-01 00:00:09.250"	0.043	15.0105	0	FALSE
6370	"2000-01-01 00:00:09.375"	0.0431	15.0117	0	FALSE
6500	"2000-01-01 00:00:09.500"	0.0437	15.0146	0	FALSE
6630	"2000-01-01 00:00:09.625"	0.0445	15.0172	0	FALSE
6760	"2000-01-01 00:00:09.750"	0.0462	15.016	0	FALSE
6890	"2000-01-01 00:00:09.875"	0.0438	15.0009	0	FALSE
7020	"2000-01-01 00:00:10.000"	0.0413	14.9915	0.0077	FALSE
7150	"2000-01-01 00:00:10.125"	0.0413	14.9873	0	FALSE
7280	"2000-01-01 00:00:10.250"	0.0415	14.9826	0	FALSE
7410	"2000-01-01 00:00:10.375"	0.0405	14.9771	0	FALSE
7540	"2000-01-01 00:00:10.500"	0.0411	14.9769	0	FALSE
7670	"2000-01-01 00:00:10.625"	0.0427	14.9811	0	FALSE
7800	"2000-01-01 00:00:10.750"	0.0441	14.9783	0	FALSE
7930	"2000-01-01 00:00:10.875"	0.0446	14.9756	0	FALSE
8060	"2000-01-01 00:00:11.000"	0.0448	14.9693	0	FALSE
8190	"2000-01-01 00:00:11.125"	0.0446	14.9583	0	FALSE
8320	"2000-01-01 00:00:11.250"	0.0435	14.9467	0	FALSE
8450	"2000-01-01 00:00:11.375"	0.0431	14.949	0	FALSE
8580	"2000-01-01 00:00:11.500"	0.0414	14.9545	0	FALSE
8710	"2000-01-01 00:00:11.625"	0.0399	14.9585	0	FALSE
8840	"2000-01-01 00:00:11.750"	0.0422	14.9619	0	FALSE
8970	"2000-01-01 00:00:11.875"	0.0429	14.9648	0	FALSE
9100	"2000-01-01 00:00:12.000"	0.0438	14.9667	0	FALSE
9230	"2000-01-01 00:00:12.125"	0.0443	14.9644	0	FALSE
9230	"2000-01-01 00:00:12.250"	0.0456	14.961	0	FALSE
9490	"2000-01-01 00:00:12.375"	0.0454	14.9591	0	FALSE
9490	"2000-01-01 00:00:12.500"	0.0448	14.9587	0	FALSE
9620	"2000-01-01 00:00:12.625"	0.0453	14.9559	0	FALSE
9750	"2000-01-01 00:00:12.750"	0.0448	14.9531	0	FALSE
9880	"2000-01-01 00:00:12.875"	0.0457	14.9451	0	FALSE
10010	"2000-01-01 00:00:13.000"	0.0446	14.9367	0	FALSE
10140	"2000-01-01 00:00:13.125"	0.0445	14.9347	0	FALSE
10270	"2000-01-01 00:00:13.250"	0.0442	14.9375	0	FALSE
10400	"2000-01-01 00:00:13.375"	0.0431	14.9455	0	FALSE
10530	"2000-01-01 00:00:13.500"	0.0431	14.9505	0	FALSE
10660	"2000-01-01 00:00:13.625"	0.0432	14.957	0	FALSE
10790	"2000-01-01 00:00:13.750"	0.0434	14.9659	0	FALSE
10920	"2000-01-01 00:00:13.875"	0.0435	14.9756	0	FALSE
11050	"2000-01-01 00:00:14.000"	0.0444	14.983	0	FALSE
11180	"2000-01-01 00:00:14.125"	0.0444	14.99	0	FALSE
11310	"2000-01-01 00:00:14.250"	0.0444	15.0004	0	FALSE
11440	"2000-01-01 00:00:14.375"	0.0451	15.0067	0	FALSE
11570	"2000-01-01 00:00:14.500"	0.0458	15.0076	0	FALSE
11700	"2000-01-01 00:00:14.625"	0.0453	15.0082	0	FALSE
11830	"2000-01-01 00:00:14.750"	0.0442	15.0015	0	FALSE
11960	"2000-01-01 00:00:14.875"	0.0436	15.0036	0	FALSE
12090	"2000-01-01 00:00:15.000"	0.0445	15.011	0	FALSE
12220	"2000-01-01 00:00:15.125"	0.0447	15.0172	0	FALSE
12350	"2000-01-01 00:00:15.250"	0.0437	15.0259	0	FALSE
12480	"2000-01-01 00:00:15.375"	0.0436	15.0316	0	FALSE
12480	"2000-01-01 00:00:15.500"	0.0416	15.0326	0	FALSE
12740	"2000-01-01 00:00:15.625"	0.0409	15.0381	0	FALSE
12740	"2000-01-01 00:00:15.750"	0.0412	15.0447	0	FALSE
12870	"2000-01-01 00:00:15.875"	0.0429	15.0531	0	FALSE
13000	"2000-01-01 00:00:16.000"	0.0442	15.0568	0	FALSE
13130	"2000-01-01 00:00:16.125"	0.0452	15.0583	0	FALSE
13260	"2000-01-01 00:00:16.250"	0.0455	15.0569	0	FALSE
13390	"2000-01-01 00:00:16.375"	0.0463	15.0541	0	FALSE
13520	"2000-01-01 00:00:16.500"	0.0454	15.0524	0	FALSE
13650	"2000-01-01 00:00:16.625"	0.045	15.0585	0	FALSE
13780	"2000-01-01 00:00:16.750"	0.0445	15.0589	0	FALSE
13910	"2000-01-01 00:00:16.875"	0.0435	15.0605	0.0078	FALSE
14040	"2000-01-01 00:00:17.000"	0.0436	15.0651	0	FALSE
14170	"2000-01-01 00:00:17.125"	0.0439	15.0725	0	FALSE
14300	"2000-01-01 00:00:17.250"	0.0439	15.0793	0	FALSE
14430	"2000-01-01 00:00:17.375"	0.0438	15.0827	0	FALSE
14560	"2000-01-01 00:00:17.500"	0.0443	15.0874	0	FALSE
14690	"2000-01-01 00:00:17.625"	0.0447	15.0883	0	FALSE
14820	"2000-01-01 00:00:17.750"	0.0447	15.088	0	FALSE
14950	"2000-01-01 00:00:17.875"	0.0455	15.089	0	FALSE
15080	"2000-01-01 00:00:18.000"	0.0456	15.0846	0	FALSE
15210	"2000-01-01 00:00:18.125"	0.0463	15.0812	0	FALSE
15340	"2000-01-01 00:00:18.250"	0.0465	15.0772	0.0078	FALSE
15470	"2000-01-01 00:00:18.375"	0.0461	15.0724	0	FALSE
15600	"2000-01-01 00:00:18.500"	0.0455	15.0589	0	FALSE
15730	"2000-01-01 00:00:18.625"	0.0441	15.0421	0	FALSE
15860	"2000-01-01 00:00:18.750"	0.0441	15.033	0	FALSE
15860	"2000-01-01 00:00:18.875"	0.0426	15.0307	0	FALSE
15990	"2000-01-01 00:00:19.000"	0.0436	15.028	0	FALSE
16120	"2000-01-01 00:00:19.125"	0.0432	15.0283	0	FALSE
16250	"2000-01-01 00:00:19.250"	0.0434	15.0267	0	FALSE
16380	"2000-01-01 00:00:19.375"	0.0434	15.0281	0	FALSE
16510	"2000-01-01 00:00:19.500"	0.0426	15.0281	0	FALSE
16640	"2000-01-01 00:00:19.625"	0.0414	15.0272	0	FALSE
16770	"2000-01-01 00:00:19.750"	0.0407	15.0197	0	FALSE
16900	"2000-01-01 00:00:19.875"	0.041	15.0145	0.0078	FALSE
17030	"2000-01-01 00:00:20.000"	0.0415	15.0142	0	FALSE
17160	"2000-01-01 00:00:20.125"	0.0418	15.0134	0.0078	FALSE
17290	"2000-01-01 00:00:20.250"	0.0426	15.0273	0	FALSE
17420	"2000-01-01 00:00:20.375"	0.044	15.0475	0	FALSE
17550	"2000-01-01 00:00:20.500"	0.0445	15.0682	0	FALSE
17680	"2000-01-01 00:00:20.625"	0.0445	15.0927	0	FALSE
17810	"2000-01-01 00:00:20.750"	0.0448	15.1228	0	FALSE
17940	"2000-01-01 00:00:20.875"	0.0452	15.1491	0	FALSE
18070	"2000-01-01 00:00:21.000"	0.0455	15.172	0	FALSE
18200	"2000-01-01 00:00:21.125"	0.0452	15.195	0	FALSE
18330	"2000-01-01 00:00:21.250"	0.0448	15.2233	0	FALSE
18460	"2000-01-01 00:00:21.375"	0.0448	15.2461	0.0078	FALSE
18590	"2000-01-01 00:00:21.500"	0.044	15.2674	0	FALSE
18720	"2000-01-01 00:00:21.625"	0.0425	15.2793	0	FALSE
18850	"2000-01-01 00:00:21.750"	0.0439	15.2778	0	FALSE
18980	"2000-01-01 00:00:21.875"	0.0448	15.2776	0.0079	FALSE
19110	"2000-01-01 00:00:22.000"	0.0452	15.2742	0	FALSE
19110	"2000-01-01 00:00:22.125"	0.045	15.2706	0	FALSE
19240	"2000-01-01 00:00:22.250"	0.0443	15.2608	0	FALSE
19370	"2000-01-01 00:00:22.375"	0.0427	15.2464	0.008	FALSE
19500	"2000-01-01 00:00:22.500"	0.0387	15.2364	0	FALSE
19630	"2000-01-01 00:00:22.625"	0.0388	15.2318	0.008	FALSE
19760	"2000-01-01 00:00:22.750"	0.0404	15.2367	0	FALSE
19890	"2000-01-01 00:00:22.875"	0.0426	15.2343	0	FALSE
20020	"2000-01-01 00:00:23.000"	0.0438	15.2241	0	FALSE
20150	"2000-01-01 00:00:23.125"	0.0452	15.2118	0	FALSE
20280	"2000-01-01 00:00:23.250"	0.0449	15.1985	0.0079	FALSE
20410	"2000-01-01 00:00:23.375"	0.0452	15.1817	0	FALSE
20540	"2000-01-01 00:00:23.500"	0.0446	15.1707	0	FALSE
20670	"2000-01-01 00:00:23.625"	0.0437	15.1706	0.0079	FALSE
20800	"2000-01-01 00:00:23.750"	0.0425	15.1729	0	FALSE
20930	"2000-01-01 00:00:23.875"	0.0433	15.1662	0	FALSE
21060	"2000-01-01 00:00:24.000"	0.0429	15.1563	0	FALSE
21190	"2000-01-01 00:00:24.125"	0.0446	15.1451	0	FALSE
21320	"2000-01-01 00:00:24.250"	0.0458	15.1289	0	FALSE
21450	"2000-01-01 00:00:24.375"	0.0478	15.1265	0	FALSE
21580	"2000-01-01 00:00:24.500"	0.045	15.1167	0	FALSE
21710	"2000-01-01 00:00:24.625"	0.0432	15.1079	0.0078	FALSE
21840	"2000-01-01 00:00:24.750"	0.0398	15.0915	0	FALSE
21970	"2000-01-01 00:00:24.875"	0.044	15.0837	0	FALSE
22100	"2000-01-01 00:00:25.000"	0.0412	15.0707	0	FALSE
22230	"2000-01-01 00:00:25.125"	0.038	15.0634	0	FALSE
22360	"2000-01-01 00:00:25.250"	0.0395	15.0468	0	FALSE
22490	"2000-01-01 00:00:25.375"	0.0415	15.0304	0	FALSE
22490	"2000-01-01 00:00:25.500"	0.0431	15.0324	0.0077	FALSE
22620	"2000-01-01 00:00:25.625"	0.0442	15.0401	0	FALSE
22750	"2000-01-01 00:00:25.750"	0.0445	15.0445	0	FALSE
22880	"2000-01-01 00:00:25.875"	0.0455	15.0458	0.0078	FALSE
23010	"2000-01-01 00:00:26.000"	0.0455	15.0494	0	FALSE
23140	"2000-01-01 00:00:26.125"	0.0453	15.0521	0	FALSE
23270	"2000-01-01 00:00:26.250"	0.0448	15.0554	0	FALSE
23400	"2000-01-01 00:00:26.375"	0.0448	15.0533	0	FALSE
23530	"2000-01-01 00:00:26.500"	0.044	15.0485	0	FALSE
23660	"2000-01-01 00:00:26.625"	0.0425	15.0413	0	FALSE
23790	"2000-01-01 00:00:26.750"	0.0408	15.0303	0	FALSE
23920	"2000-01-01 00:00:26.875"	0.0409	15.0237	0	FALSE
24050	"2000-01-01 00:00:27.000"	0.0422	15.0272	0	FALSE
24180	"2000-01-01 00:00:27.125"	0.0414	15.0331	0	FALSE
24310	"2000-01-01 00:00:27.250"	0.0426	15.0394	0	FALSE
24440	"2000-01-01 00:00:27.375"	0.0435	15.0405	0	FALSE
24570	"2000-01-01 00:00:27.500"	0.0441	15.0456	0	FALSE
24700	"2000-01-01 00:00:27.625"	0.0434	15.0472	0.0078	FALSE
24830	"2000-01-01 00:00:27.750"	0.043	15.0481	0	FALSE
24960	"2000-01-01 00:00:27.875"	0.043	15.0522	0	FALSE
25090	"2000-01-01 00:00:28.000"	0.0424	15.047	0	FALSE
25220	"2000-01-01 00:00:28.125"	0.0426	15.0392	0	FALSE
25350	"2000-01-01 00:00:28.250"	0.0419	15.0384	0	FALSE
25480	"2000-01-01 00:00:28.375"	0.0437	15.0388	0	FALSE
25610	"2000-01-01 00:00:28.500"	0.0443	15.0434	0	FALSE
25740	"2000-01-01 00:00:28.625"	0.0448	15.0576	0	FALSE
25740	"2000-01-01 00:00:28.750"	0.0451	15.0713	0	FALSE
25870	"2000-01-01 00:00:28.875"	0.0453	15.0846	0	FALSE
26000	"2000-01-01 00:00:29.000"	0.0448	15.0941	0	FALSE
26130	"2000-01-01 00:00:29.125"	0.0447	15.1055	0	FALSE
26260	"2000-01-01 00:00:29.250"	0.0443	15.1154	0	FALSE
26390	"2000-01-01 00:00:29.375"	0.0444	15.1274	0.0078	FALSE
26520	"2000-01-01 00:00:29.500"	0.0438	15.1348	0	FALSE
26650	"2000-01-01 00:00:29.625"	0.0442	15.1387	0	FALSE
26780	"2000-01-01 00:00:29.750"	0.045	15.1397	0	FALSE
26910	"2000-01-01 00:00:29.875"	0.0438	15.1368	0.0079	FALSE
27040	"2000-01-01 00:00:30.000"	0.0439	15.1386	0	FALSE
27170	"2000-01-01 00:00:30.125"	0.0438	15.1469	0	FALSE
27300	"2000-01-01 00:00:30.250"	0.0428	15.1499	0	FALSE
27430	"2000-01-01 00:00:30.375"	0.0436	15.1393	0	FALSE
27560	"2000-01-01 00:00:30.500"	0.0437	15.1244	0	FALSE
27690	"2000-01-01 00:00:30.625"	0.0425	15.1039	0.0078	FALSE
27820	"2000-01-01 00:00:30.750"	0.0421	15.0872	0	FALSE
27950	"2000-01-01 00:00:30.875"	0.0429	15.0789	0	FALSE
28080	"2000-01-01 00:00:31.000"	0.0435	15.0697	0	FALSE
28210	"2000-01-01 00:00:31.125"	0.0437	15.0715	0.0078	FALSE
28340	"2000-01-01 00:00:31.250"	0.0451	15.0726	0.0079	FALSE
28470	"2000-01-01 00:00:31.375"	0.0443	15.0737	0	FALSE
28600	"2000-01-01 00:00:31.500"	0.0456	15.082	0	FALSE
28730	"2000-01-01 00:00:31.625"	0.046	15.09	0.0078	FALSE
28860	"2000-01-01 00:00:31.750"	0.0455	15.0988	0	FALSE
28860	"2000-01-01 00:00:31.875"	0.047	15.1051	0	FALSE
28990	"2000-01-01 00:00:32.000"	0.046	15.0999	0	FALSE
29120	"2000-01-01 00:00:32.125"	0.044	15.087	0.0078	FALSE
29250	"2000-01-01 00:00:32.250"	0.0464	15.0755	0	FALSE
29380	"2000-01-01 00:00:32.375"	0.0375	15.072	0	FALSE
29510	"2000-01-01 00:00:32.500"	0.0418	15.0686	0	FALSE
29640	"2000-01-01 00:00:32.625"	0.0445	15.0719	0	FALSE
29770	"2000-01-01 00:00:32.750"	0.0441	15.0784	0	FALSE
29900	"2000-01-01 00:00:32.875"	0.0459	15.0935	0.0078	FALSE
30030	"2000-01-01 00:00:33.000"	0.0463	15.1057	0	FALSE
30160	"2000-01-01 00:00:33.125"	0.0449	15.1112	0	FALSE
30290	"2000-01-01 00:00:33.250"	0.0443	15.1095	0	FALSE
30420	"2000-01-01 00:00:33.375"	0.0442	15.1114	0	FALSE
30550	"2000-01-01 00:00:33.500"	0.0452	15.1082	0	FALSE
30680	"2000-01-01 00:00:33.625"	0.0453	15.1035	0	FALSE
30810	"2000-01-01 00:00:33.750"	0.0462	15.1083	0	FALSE
30940	"2000-01-01 00:00:33.875"	0.046	15.1008	0	FALSE
31070	"2000-01-01 00:00:34.000"	0.045	15.0908	0	FALSE
31200	"2000-01-01 00:00:34.125"	0.0444	15.0784	0	FALSE
31330	"2000-01-01 00:00:34.250"	0.0442	15.0744	0	FALSE
31460	"2000-01-01 00:00:34.375"	0.0444	15.0837	0	FALSE
31590	"2000-01-01 00:00:34.500"	0.0447	15.0939	0	FALSE
31720	"2000-01-01 00:00:34.625"	0.0415	15.1244	0	FALSE
31850	"2000-01-01 00:00:34.750"	0.0437	15.1546	0	FALSE
31980	"2000-01-01 00:00:34.875"	0.0443	15.1804	0	FALSE
32110	"2000-01-01 00:00:35.000"	0.0448	15.1994	0	FALSE
32110	"2000-01-01 00:00:35.125"	0.0447	15.2164	0	FALSE
32240	"2000-01-01 00:00:35.250"	0.0462	15.2295	0	FALSE
32370	"2000-01-01 00:00:35.375"	0.0478	15.2431	0	FALSE
32500	"2000-01-01 00:00:35.500"	0.0478	15.2518	0	FALSE
32630	"2000-01-01 00:00:35.625"	0.0471	15.2622	0	FALSE
32760	"2000-01-01 00:00:35.750"	0.0465	15.2626	0.0079	FALSE
32890	"2000-01-01 00:00:35.875"	0.0448	15.2467	0	FALSE
33020	"2000-01-01 00:00:36.000"	0.0457	15.2237	0	FALSE
33150	"2000-01-01 00:00:36.125"	0.0446	15.1976	0	FALSE
33280	"2000-01-01 00:00:36.250"	0.0472	15.1834	0	FALSE
33410	"2000-01-01 00:00:36.375"	0.049	15.1761	0	FALSE
33540	"2000-01-01 00:00:36.500"	0.0486	15.1695	0	FALSE
33670	"2000-01-01 00:00:36.625"	0.0482	15.1578	0	FALSE
33800	"2000-01-01 00:00:36.750"	0.0457	15.1443	0	FALSE
33930	"2000-01-01 00:00:36.875"	0.0428	15.127	0.0079	FALSE
34060	"2000-01-01 00:00:37.000"	0.0448	15.1097	0	FALSE
34190	"2000-01-01 00:00:37.125"	0.0428	15.1003	0	FALSE
34320	"2000-01-01 00:00:37.250"	0.0421	15.0885	0	FALSE
34450	"2000-01-01 00:00:37.375"	0.043	15.0789	0	FALSE
34580	"2000-01-01 00:00:37.500"	0.0442	15.0655	0	FALSE
34710	"2000-01-01 00:00:37.625"	0.0431	15.0553	0	FALSE
34840	"2000-01-01 00:00:37.750"	0.0448	15.0406	0	FALSE
34970	"2000-01-01 00:00:37.875"	0.0447	15.0331	0	FALSE
35100	"2000-01-01 00:00:38.000"	0.0473	15.0477	0	FALSE
35230	"2000-01-01 00:00:38.125"	0.0426	15.0669	0	FALSE
35360	"2000-01-01 00:00:38.250"	0.0441	15.0766	0	FALSE
35360	"2000-01-01 00:00:38.375"	0.0439	15.0878	0	FALSE
35490	"2000-01-01 00:00:38.500"	0.0426	15.0954	0	FALSE
35620	"2000-01-01 00:00:38.625"	0.0422	15.1023	0	FALSE
35750	"2000-01-01 00:00:38.750"	0.043	15.1124	0	FALSE
35880	"2000-01-01 00:00:38.875"	0.0437	15.1068	0.0078	FALSE
36010	"2000-01-01 00:00:39.000"	0.0425	15.0964	0	FALSE
36140	"2000-01-01 00:00:39.125"	0.0451	15.0806	0	FALSE
36270	"2000-01-01 00:00:39.250"	0.0442	15.0725	0	FALSE
36400	"2000-01-01 00:00:39.375"	0.0432	15.069	0	FALSE
36530	"2000-01-01 00:00:39.500"	0.0454	15.0648	0	FALSE
36660	"2000-01-01 00:00:39.625"	0.0455	15.0621	0	FALSE
36790	"2000-01-01 00:00:39.750"	0.0438	15.0547	0	FALSE
36920	"2000-01-01 00:00:39.875"	0.0419	15.051	0	FALSE
37050	"2000-01-01 00:00:40.000"	0.0434	15.0375	0	FALSE
37180	"2000-01-01 00:00:40.125"	0.0466	15.0196	0	FALSE
37310	"2000-01-01 00:00:40.250"	0.0471	15.0089	0	FALSE
37440	"2000-01-01 00:00:40.375"	0.0492	15.0052	0	FALSE
37570	"2000-01-01 00:00:40.500"	0.0493	14.9973	0	FALSE
37700	"2000-01-01 00:00:40.625"	0.0476	14.9869	0	FALSE
37830	"2000-01-01 00:00:40.750"	0.0461	14.9793	0	FALSE
37960	"2000-01-01 00:00:40.875"	0.0459	14.9775	0	FALSE
38090	"2000-01-01 00:00:41.000"	0.0452	14.9818	0	FALSE
38220	"2000-01-01 00:00:41.125"	0.0424	14.9844	0	FALSE
38350	"2000-01-01 00:00:41.250"	0.0411	14.9268	0	FALSE
38480	"2000-01-01 00:00:41.375"	0.0421	14.8656	0	FALSE
38610	"2000-01-01 00:00:41.500"	0.0428	14.8	0	FALSE
38610	"2000-01-01 00:00:41.625"	0.0451	14.7248	0	FALSE
38740	"2000-01-01 00:00:41.750"	0.0437	14.4081	0	FALSE
38870	"2000-01-01 00:00:41.875"	0.0439	14.058	0.0073	FALSE
39000	"2000-01-01 00:00:42.000"	0.0459	13.8913	0	FALSE
39130	"2000-01-01 00:00:42.125"	0.0463	13.7697	0.0072	FALSE
39260	"2000-01-01 00:00:42.250"	0.046	13.6931	0	FALSE
39390	"2000-01-01 00:00:42.375"	0.047	13.6201	0	FALSE
39520	"2000-01-01 00:00:42.500"	0.0451	13.5169	0	FALSE
39650	"2000-01-01 00:00:42.625"	0.0408	13.4355	0	FALSE
39780	"2000-01-01 00:00:42.750"	0.0411	13.3092	0	FALSE
39910	"2000-01-01 00:00:42.875"	0.0443	13.2017	0	FALSE
40040	"2000-01-01 00:00:43.000"	0.0467	13.1156	0	FALSE
40170	"2000-01-01 00:00:43.125"	0.0473	13.0543	0	FALSE
40300	"2000-01-01 00:00:43.250"	0.0482	13.0051	0	FALSE
40430	"2000-01-01 00:00:43.375"	0.047	12.9846	0.0068	FALSE
40560	"2000-01-01 00:00:43.500"	0.0482	12.9489	0	FALSE
40690	"2000-01-01 00:00:43.625"	0.0473	12.9371	0	FALSE
40820	"2000-01-01 00:00:43.750"	0.0476	12.9101	0	FALSE
40950	"2000-01-01 00:00:43.875"	0.0474	12.8952	0	FALSE
41080	"2000-01-01 00:00:44.000"	0.047	12.8632	0.0067	FALSE
41210	"2000-01-01 00:00:44.125"	0.0462	12.8361	0	FALSE
41340	"2000-01-01 00:00:44.250"	0.0462	12.8175	0	FALSE
41470	"2000-01-01 00:00:44.375"	0.0454	12.8136	0	FALSE
41600	"2000-01-01 00:00:44.500"	0.0446	12.8091	0	FALSE
41730	"2000-01-01 00:00:44.625"	0.045	12.8077	0	FALSE
41860	"2000-01-01 00:00:44.750"	0.0453	12.8075	0	FALSE
41860	"2000-01-01 00:00:44.875"	0.0462	12.8171	0	FALSE
41990	"2000-01-01 00:00:45.000"	0.0459	12.8392	0	FALSE
42120	"2000-01-01 00:00:45.125"	0.0454	13.0239	0	FALSE
42250	"2000-01-01 00:00:45.250"	0.0459	13.1366	0	FALSE
42380	"2000-01-01 00:00:45.375"	0.0449	13.1835	0	FALSE
42510	"2000-01-01 00:00:45.500"	0.046	13.2223	0.0069	FALSE
42640	"2000-01-01 00:00:45.625"	0.046	13.2463	0.0069	FALSE
42770	"2000-01-01 00:00:45.750"	0.044	13.2272	0	FALSE
42900	"2000-01-01 00:00:45.875"	0.0447	13.1983	0.0069	FALSE
43030	"2000-01-01 00:00:46.000"	0.0468	13.157	0.0072	FALSE
43160	"2000-01-01 00:00:46.125"	0.0473	13.1422	0	FALSE
43290	"2000-01-01 00:00:46.250"	0.0469	13.1254	0	FALSE
43420	"2000-01-01 00:00:46.375"	0.0471	13.1167	0	FALSE
43550	"2000-01-01 00:00:46.500"	0.0467	13.1114	0	FALSE
43680	"2000-01-01 00:00:46.625"	0.0452	13.1097	0	FALSE
43810	"2000-01-01 00:00:46.750"	0.0441	13.2634	0.007	FALSE
43940	"2000-01-01 00:00:46.875"	0.045	13.4801	0.0071	FALSE
44070	"2000-01-01 00:00:47.000"	0.043	13.5194	0.0267	FALSE
44200	"2000-01-01 00:00:47.125"	0.047	13.5419	0.0399	FALSE
44330	"2000-01-01 00:00:47.250"	0.0484	13.5337	0.0605	FALSE
44460	"2000-01-01 00:00:47.375"	0.048	13.5152	0.0451	FALSE
44590	"2000-01-01 00:00:47.500"	0.0492	13.5121	0.0321	FALSE
44720	"2000-01-01 00:00:47.625"	0.0497	13.5119	0.0188	FALSE
44850	"2000-01-01 00:00:47.750"	0.0497	13.516	0.008	FALSE
44980	"2000-01-01 00:00:47.875"	0.0499	13.5192	0.0073	FALSE
45110	"2000-01-01 00:00:48.000"	0.0499	13.5361	0.007	FALSE
45110	"2000-01-01 00:00:48.125"	0.0494	13.5414	0.0074	FALSE
45240	"2000-01-01 00:00:48.250"	0.0488	13.5276	0.0071	FALSE
45370	"2000-01-01 00:00:48.375"	0.049	13.5106	0.007	FALSE
45500	"2000-01-01 00:00:48.500"	0.0488	13.4931	0.0071	FALSE
45630	"2000-01-01 00:00:48.625"	0.0488	13.4666	0.0072	FALSE
45760	"2000-01-01 00:00:48.750"	0.0485	13.44	0.0069	FALSE
45890	"2000-01-01 00:00:48.875"	0.0486	13.4141	0	FALSE
46020	"2000-01-01 00:00:49.000"	0.0483	13.3931	0	FALSE
46150	"2000-01-01 00:00:49.125"	0.0473	13.3765	0	FALSE
46280	"2000-01-01 00:00:49.250"	0.0469	13.3689	0	FALSE
46410	"2000-01-01 00:00:49.375"	0.0466	13.4296	0	FALSE
46540	"2000-01-01 00:00:49.500"	0.0466	13.5075	0.007	FALSE
46670	"2000-01-01 00:00:49.625"	0.0475	13.5124	0	FALSE
46800	"2000-01-01 00:00:49.750"	0.0493	13.5098	0.0298	FALSE
46930	"2000-01-01 00:00:49.875"	0.0491	13.5085	0.3087	FALSE
47060	"2000-01-01 00:00:50.000"	0.0494	13.5117	0.421	FALSE
47190	"2000-01-01 00:00:50.125"	0.0488	13.5099	0.4271	FALSE
47320	"2000-01-01 00:00:50.250"	0.0486	13.5104	0.4273	FALSE
47450	"2000-01-01 00:00:50.375"	0.0485	13.5121	0.3952	FALSE
47580	"2000-01-01 00:00:50.500"	0.0503	13.5119	0.4229	FALSE
47710	"2000-01-01 00:00:50.625"	0.0755	13.5123	0.4399	FALSE
47840	"2000-01-01 00:00:50.750"	0.0963	13.513	0.4388	FALSE
47970	"2000-01-01 00:00:50.875"	0.1233	13.5142	0.4368	FALSE
48100	"2000-01-01 00:00:51.000"	0.135	13.5161	0.4364	FALSE
48230	"2000-01-01 00:00:51.125"	0.1563	13.5175	0.4402	FALSE
48360	"2000-01-01 00:00:51.250"	0.1701	13.5164	0.44	FALSE
48490	"2000-01-01 00:00:51.375"	0.1719	13.5178	0.4396	FALSE
48490	"2000-01-01 00:00:51.500"	0.1701	13.5153	0.4388	FALSE
48620	"2000-01-01 00:00:51.625"	0.1488	13.5173	0.4398	FALSE
48750	"2000-01-01 00:00:51.750"	0.136	13.5182	0.4392	FALSE
48880	"2000-01-01 00:00:51.875"	0.117	13.5174	0.4393	FALSE
49010	"2000-01-01 00:00:52.000"	0.0885	13.5182	0.4395	FALSE
49140	"2000-01-01 00:00:52.125"	0.0731	13.5181	0.4396	FALSE
49270	"2000-01-01 00:00:52.250"	0.056	13.5208	0.4394	FALSE
49400	"2000-01-01 00:00:52.375"	0.0552	13.5186	0.4389	FALSE
49530	"2000-01-01 00:00:52.500"	0.0603	13.5187	0.4385	FALSE
49660	"2000-01-01 00:00:52.625"	0.0686	13.5178	0.4399	FALSE
49790	"2000-01-01 00:00:52.750"	0.0849	13.5159	0.4406	FALSE
49920	"2000-01-01 00:00:52.875"	0.1087	13.5162	0.4403	FALSE
50050	"2000-01-01 00:00:53.000"	0.1288	13.518	0.4406	FALSE
50180	"2000-01-01 00:00:53.125"	0.1407	13.5173	0.4404	FALSE
50310	"2000-01-01 00:00:53.250"	0.1418	13.5154	0.4406	FALSE
50440	"2000-01-01 00:00:53.375"	0.1415	13.5166	0.441	FALSE
50570	"2000-01-01 00:00:53.500"	0.1369	13.5161	0.4404	FALSE
50700	"2000-01-01 00:00:53.625"	0.1188	13.5166	0.4405	FALSE
50830	"2000-01-01 00:00:53.750"	0.1226	13.5148	0.4405	FALSE
50960	"2000-01-01 00:00:53.875"	0.1159	13.5159	0.4401	FALSE
51090	"2000-01-01 00:00:54.000"	0.1096	13.5168	0.4405	FALSE
51220	"2000-01-01 00:00:54.125"	0.107	13.5159	0.4405	FALSE
51350	"2000-01-01 00:00:54.250"	0.0892	13.5167	0.4402	FALSE
51480	"2000-01-01 00:00:54.375"	0.0762	13.5176	0.4417	FALSE
51610	"2000-01-01 00:00:54.500"	0.0609	13.5149	0.4413	FALSE
51740	"2000-01-01 00:00:54.625"	0.0569	13.5141	0.4421	FALSE
51740	"2000-01-01 00:00:54.750"	0.0458	13.5126	0.4417	FALSE
51870	"2000-01-01 00:00:54.875"	0.0442	13.5127	0.4423	TRUE
52000	"2000-01-01 00:00:55.000"	0.043	13.5131	0.442	TRUE
52130	"2000-01-01 00:00:55.125"	0.0443	13.513	0.4425	TRUE
52260	"2000-01-01 00:00:55.250"	0.0526	13.5118	0.4424	TRUE
52390	"2000-01-01 00:00:55.375"	0.0659	13.5135	0.443	TRUE
52520	"2000-01-01 00:00:55.500"	0.0757	13.5124	0.4426	TRUE
52650	"2000-01-01 00:00:55.625"	0.095	13.5113	0.4425	TRUE
52780	"2000-01-01 00:00:55.750"	0.1101	13.5098	0.4426	TRUE
52910	"2000-01-01 00:00:55.875"	0.1364	13.5069	0.4426	TRUE
53040	"2000-01-01 00:00:56.000"	0.1642	13.5069	0.443	TRUE
53170	"2000-01-01 00:00:56.125"	0.1793	13.5058	0.4428	TRUE
53300	"2000-01-01 00:00:56.250"	0.1992	13.5059	0.4437	TRUE
53430	"2000-01-01 00:00:56.375"	0.2154	13.5069	0.4438	TRUE
53560	"2000-01-01 00:00:56.500"	0.2185	13.507	0.4442	TRUE
53690	"2000-01-01 00:00:56.625"	0.2353	13.5086	0.444	TRUE
53820	"2000-01-01 00:00:56.750"	0.2413	13.5092	0.4447	TRUE
53950	"2000-01-01 00:00:56.875"	0.2406	13.5057	0.4434	TRUE
54080	"2000-01-01 00:00:57.000"	0.2483	13.5057	0.4441	TRUE
54210	"2000-01-01 00:00:57.125"	0.2398	13.5038	0.4448	TRUE
54340	"2000-01-01 00:00:57.250"	0.262	13.4984	0.4453	TRUE
54470	"2000-01-01 00:00:57.375"	0.2471	13.4969	0.4464	TRUE
54600	"2000-01-01 00:00:57.500"	0.2615	13.4968	0.4481	TRUE
54730	"2000-01-01 00:00:57.625"	0.2659	13.4985	0.4491	TRUE
54860	"2000-01-01 00:00:57.750"	0.2731	13.4977	0.4502	TRUE
54860	"2000-01-01 00:00:57.875"	0.2852	13.5011	0.45	TRUE
54990	"2000-01-01 00:00:58.000"	0.2924	13.5008	0.4501	TRUE
55120	"2000-01-01 00:00:58.125"	0.3186	13.4995	0.4496	TRUE
55250	"2000-01-01 00:00:58.250"	0.3253	13.5024	0.4494	TRUE
55380	"2000-01-01 00:00:58.375"	0.3351	13.5033	0.4488	TRUE
55510	"2000-01-01 00:00:58.500"	0.3581	13.5036	0.4485	TRUE
55640	"2000-01-01 00:00:58.625"	0.3802	13.5032	0.4485	TRUE
55770	"2000-01-01 00:00:58.750"	0.3994	13.504	0.4483	TRUE
55900	"2000-01-01 00:00:58.875"	0.4068	13.5052	0.4469	TRUE
56030	"2000-01-01 00:00:59.000"	0.4362	13.5042	0.4473	TRUE
56160	"2000-01-01 00:00:59.125"	0.4509	13.5055	0.4462	TRUE
56290	"2000-01-01 00:00:59.250"	0.4609	13.5007	0.4466	TRUE
56420	"2000-01-01 00:00:59.375"	0.4731	13.5031	0.4467	TRUE
56550	"2000-01-01 00:00:59.500"	0.494	13.5022	0.446	TRUE
56680	"2000-01-01 00:00:59.625"	0.5047	13.5018	0.4471	TRUE
56810	"2000-01-01 00:00:59.750"	0.5191	13.5048	0.4466	TRUE
56940	"2000-01-01 00:00:59.875"	0.5279	13.5052	0.4472	TRUE
57070	"2000-01-01 00:01:00.000"	0.5445	13.501	0.4462	TRUE
57200	"2000-01-01 00:01:00.125"	0.5602	13.4965	0.4469	TRUE
57330	"2000-01-01 00:01:00.250"	0.5808	13.4999	0.4467	TRUE
57460	"2000-01-01 00:01:00.375"	0.5785	13.4987	0.4475	TRUE
57590	"2000-01-01 00:01:00.500"	0.595	13.4971	0.4482	TRUE
57720	"2000-01-01 00:01:00.625"	0.5948	13.4984	0.448	TRUE
57850	"2000-01-01 00:01:00.750"	0.6086	13.5001	0.4493	TRUE
57980	"2000-01-01 00:01:00.875"	0.6239	13.5011	0.4495	TRUE
58110	"2000-01-01 00:01:01.000"	0.6268	13.5027	0.4501	TRUE
58110	"2000-01-01 00:01:01.125"	0.6408	13.5048	0.4494	TRUE
58240	"2000-01-01 00:01:01.250"	0.6429	13.504	0.4496	TRUE
58370	"2000-01-01 00:01:01.375"	0.6421	13.5053	0.4492	TRUE
58500	"2000-01-01 00:01:01.500"	0.647	13.5062	0.4485	TRUE
58630	"2000-01-01 00:01:01.625"	0.6448	13.5041	0.4485	TRUE
58760	"2000-01-01 00:01:01.750"	0.6448	13.5041	0.4485	TRUE
58890	"2000-01-01 00:01:01.875"	0.6448	13.5041	0.448	TRUE
59020	"2000-01-01 00:01:02.000"	0.6677	13.4903	0.4488	FALSE
59150	"2000-01-01 00:01:02.125"	0.6616	13.4903	0.4518	FALSE
59280	"2000-01-01 00:01:02.250"	0.6621	13.4916	0.4534	FALSE
59410	"2000-01-01 00:01:02.375"	0.6634	13.4953	0.4559	FALSE
59540	"2000-01-01 00:01:02.500"	0.6651	13.501	0.4581	FALSE
59670	"2000-01-01 00:01:02.625"	0.6627	13.5036	0.4568	FALSE
59800	"2000-01-01 00:01:02.750"	0.6621	13.5048	0.4559	FALSE
59930	"2000-01-01 00:01:02.875"	0.6533	13.5014	0.4562	FALSE
60060	"2000-01-01 00:01:03.000"	0.6567	13.495	0.4571	FALSE
60190	"2000-01-01 00:01:03.125"	0.6549	13.4863	0.4565	FALSE
60320	"2000-01-01 00:01:03.250"	0.6574	13.4849	0.4572	FALSE
60450	"2000-01-01 00:01:03.375"	0.6558	13.4881	0.458	FALSE
60580	"2000-01-01 00:01:03.500"	0.6413	13.4922	0.4568	FALSE
60710	"2000-01-01 00:01:03.625"	0.6378	13.496	0.4552	FALSE
60840	"2000-01-01 00:01:03.750"	0.6309	13.4996	0.4549	FALSE
60970	"2000-01-01 00:01:03.875"	0.6231	13.5025	0.4534	FALSE
61100	"2000-01-01 00:01:04.000"	0.6257	13.5031	0.4524	FALSE
61230	"2000-01-01 00:01:04.125"	0.6233	13.505	0.4527	FALSE
61360	"2000-01-01 00:01:04.250"	0.6282	13.5047	0.4525	FALSE
61490	"2000-01-01 00:01:04.375"	0.6323	13.502	0.4529	FALSE
61490	"2000-01-01 00:01:04.500"	0.6168	13.5003	0.4534	FALSE
61620	"2000-01-01 00:01:04.625"	0.6192	13.5013	0.4529	FALSE
61750	"2000-01-01 00:01:04.750"	0.6104	13.5025	0.4523	FALSE
61880	"2000-01-01 00:01:04.875"	0.6024	13.5026	0.4504	FALSE
62010	"2000-01-01 00:01:05.000"	0.5804	13.5043	0.4505	FALSE
62140	"2000-01-01 00:01:05.125"	0.5645	13.5051	0.4495	FALSE
62270	"2000-01-01 00:01:05.250"	0.5426	13.5077	0.4483	FALSE
62400	"2000-01-01 00:01:05.375"	0.5214	13.507	0.448	FALSE
62530	"2000-01-01 00:01:05.500"	0.4967	13.5089	0.4472	FALSE
62660	"2000-01-01 00:01:05.625"	0.4727	13.508	0.4483	FALSE
62790	"2000-01-01 00:01:05.750"	0.452	13.509	0.4486	FALSE
62920	"2000-01-01 00:01:05.875"	0.437	13.5082	0.4484	FALSE
63050	"2000-01-01 00:01:06.000"	0.4277	13.5083	0.4475	FALSE
63180	"2000-01-01 00:01:06.125"	0.4208	13.5089	0.4483	FALSE
63310	"2000-01-01 00:01:06.250"	0.4129	13.5089	0.4472	FALSE
63440	"2000-01-01 00:01:06.375"	0.4098	13.5083	0.4472	FALSE
63570	"2000-01-01 00:01:06.500"	0.3928	13.5104	0.4472	FALSE
63700	"2000-01-01 00:01:06.625"	0.3938	13.5104	0.4469	FALSE
63830	"2000-01-01 00:01:06.750"	0.3899	13.5113	0.4471	FALSE
63960	"2000-01-01 00:01:06.875"	0.3932	13.5114	0.447	FALSE
64090	"2000-01-01 00:01:07.000"	0.3935	13.5119	0.4465	FALSE
64220	"2000-01-01 00:01:07.125"	0.3936	13.5116	0.4462	FALSE
64350	"2000-01-01 00:01:07.250"	0.3952	13.5125	0.4464	FALSE
64480	"2000-01-01 00:01:07.375"	0.3976	13.5119	0.4467	FALSE
64610	"2000-01-01 00:01:07.500"	0.394	13.513	0.4469	FALSE
64740	"2000-01-01 00:01:07.625"	0.4042	13.5124	0.4468	FALSE
64740	"2000-01-01 00:01:07.750"	0.4119	13.5125	0.4466	FALSE
64870	"2000-01-01 00:01:07.875"	0.4269	13.5112	0.4468	FALSE
65000	"2000-01-01 00:01:08.000"	0.422	13.5127	0.4469	FALSE
65130	"2000-01-01 00:01:08.125"	0.4294	13.5088	0.4467	FALSE
65260	"2000-01-01 00:01:08.250"	0.4217	13.5075	0.4475	FALSE
65390	"2000-01-01 00:01:08.375"	0.4113	13.5105	0.4468	FALSE
65520	"2000-01-01 00:01:08.500"	0.4114	13.5122	0.447	FALSE
65650	"2000-01-01 00:01:08.625"	0.4136	13.5124	0.4475	FALSE
65780	"2000-01-01 00:01:08.750"	0.4215	13.5127	0.4479	FALSE
65910	"2000-01-01 00:01:08.875"	0.4229	13.5128	0.4482	FALSE
66040	"2000-01-01 00:01:09.000"	0.4275	13.5105	0.448	FALSE
66170	"2000-01-01 00:01:09.125"	0.4445	13.509	0.4491	FALSE
66300	"2000-01-01 00:01:09.250"	0.4561	13.5022	0.4488	FALSE
66430	"2000-01-01 00:01:09.375"	0.4796	13.5025	0.4493	FALSE
66560	"2000-01-01 00:01:09.500"	0.4994	13.4978	0.4515	FALSE
66690	"2000-01-01 00:01:09.625"	0.5169	13.5017	0.4513	FALSE
66820	"2000-01-01 00:01:09.750"	0.5297	13.5058	0.4521	FALSE
66950	"2000-01-01 00:01:09.875"	0.5475	13.5059	0.4543	FALSE
67080	"2000-01-01 00:01:10.000"	0.5607	13.5008	0.455	FALSE
67210	"2000-01-01 00:01:10.125"	0.5636	13.5042	0.4542	FALSE
67340	"2000-01-01 00:01:10.250"	0.5696	13.5062	0.4542	FALSE
67470	"2000-01-01 00:01:10.375"	0.5748	13.5091	0.4543	FALSE
67600	"2000-01-01 00:01:10.500"	0.5858	13.51	0.4539	FALSE
67730	"2000-01-01 00:01:10.625"	0.6009	13.5121	0.4529	FALSE
67860	"2000-01-01 00:01:10.750"	0.6163	13.5116	0.4527	FALSE
67990	"2000-01-01 00:01:10.875"	0.6374	13.5112	0.4507	FALSE
67990	"2000-01-01 00:01:11.000"	0.674	13.5111	0.4507	TRUE
68120	"2000-01-01 00:01:11.125"	0.7071	13.512	0.4492	TRUE
68250	"2000-01-01 00:01:11.250"	0.7384	13.5127	0.449	TRUE
68380	"2000-01-01 00:01:11.375"	0.7792	13.5125	0.449	TRUE
68510	"2000-01-01 00:01:11.500"	0.8105	13.5111	0.4496	TRUE
68640	"2000-01-01 00:01:11.625"	0.8464	13.5113	0.4494	TRUE
68770	"2000-01-01 00:01:11.750"	0.8628	13.511	0.4506	TRUE
68900	"2000-01-01 00:01:11.875"	0.8737	13.505	0.457	TRUE
69030	"2000-01-01 00:01:12.000"	0.8923	13.5016	0.4591	TRUE
69160	"2000-01-01 00:01:12.125"	0.8995	13.5	0.4629	TRUE
69290	"2000-01-01 00:01:12.250"	0.9099	13.4862	0.4658	TRUE
69420	"2000-01-01 00:01:12.375"	0.9152	13.4949	0.4622	TRUE
69550	"2000-01-01 00:01:12.500"	0.9221	13.5048	0.4592	TRUE
69680	"2000-01-01 00:01:12.625"	0.9336	13.5104	0.4575	TRUE
69810	"2000-01-01 00:01:12.750"	0.9455	13.5103	0.456	TRUE
69940	"2000-01-01 00:01:12.875"	0.9599	13.5114	0.4548	TRUE
70070	"2000-01-01 00:01:13.000"	0.9751	13.5122	0.4535	TRUE
70200	"2000-01-01 00:01:13.125"	0.9906	13.5125	0.4525	TRUE
70330	"2000-01-01 00:01:13.250"	1.0042	13.5091	0.4531	TRUE
70460	"2000-01-01 00:01:13.375"	1.0162	13.5058	0.454	TRUE
70590	"2000-01-01 00:01:13.500"	1.0332	13.5084	0.4531	TRUE
70720	"2000-01-01 00:01:13.625"	1.0469	13.5078	0.4526	TRUE
70850	"2000-01-01 00:01:13.750"	1.0595	13.5079	0.4537	TRUE
70980	"2000-01-01 00:01:13.875"	1.0727	13.5057	0.4534	TRUE
71110	"2000-01-01 00:01:14.000"	1.082	13.4917	0.4541	TRUE
71240	"2000-01-01 00:01:14.125"	1.0894	13.4918	0.4536	TRUE
71240	"2000-01-01 00:01:14.250"	1.0942	13.4899	0.4541	TRUE
71370	"2000-01-01 00:01:14.375"	1.0997	13.4903	0.4554	TRUE
71500	"2000-01-01 00:01:14.500"	1.1072	13.4927	0.4576	TRUE
71630	"2000-01-01 00:01:14.625"	1.1122	13.4934	0.4592	TRUE
71760	"2000-01-01 00:01:14.750"	1.1019	13.4965	0.4619	FALSE
71890	"2000-01-01 00:01:14.875"	1.0956	13.4999	0.4646	FALSE
72020	"2000-01-01 00:01:15.000"	1.0954	13.5009	0.4757	FALSE
72150	"2000-01-01 00:01:15.125"	1.1007	13.5016	0.5058	FALSE
72280	"2000-01-01 00:01:15.250"	1.1089	13.5047	0.5534	FALSE
72410	"2000-01-01 00:01:15.375"	1.1168	13.5077	0.6094	FALSE
72540	"2000-01-01 00:01:15.500"	1.1216	13.5079	0.6638	FALSE
72670	"2000-01-01 00:01:15.625"	1.1248	13.5101	0.726	FALSE
72800	"2000-01-01 00:01:15.750"	1.1236	13.5058	0.7609	FALSE
72930	"2000-01-01 00:01:15.875"	1.1254	13.4432	0.9127	FALSE
73060	"2000-01-01 00:01:16.000"	1.1288	13.0771	1.0382	FALSE
73190	"2000-01-01 00:01:16.125"	1.1321	12.938	1.2252	FALSE
73320	"2000-01-01 00:01:16.250"	1.1386	13.0072	1.5277	FALSE
73450	"2000-01-01 00:01:16.375"	1.139	13.0727	1.6533	FALSE
73580	"2000-01-01 00:01:16.500"	1.1371	13.1141	1.6052	FALSE
73710	"2000-01-01 00:01:16.625"	1.1356	13.1302	1.6399	FALSE
73840	"2000-01-01 00:01:16.750"	1.1374	13.1345	1.6722	FALSE
73970	"2000-01-01 00:01:16.875"	1.1363	13.1166	1.843	FALSE
74100	"2000-01-01 00:01:17.000"	1.1288	13.1694	1.97	FALSE
74230	"2000-01-01 00:01:17.125"	1.1252	13.1718	2.1166	FALSE
74360	"2000-01-01 00:01:17.250"	1.1219	13.0838	2.3344	FALSE
74490	"2000-01-01 00:01:17.375"	1.1165	12.9389	2.507	FALSE
74490	"2000-01-01 00:01:17.500"	1.1138	12.9266	2.9212	FALSE
74620	"2000-01-01 00:01:17.625"	1.1131	12.9296	3.5809	FALSE
74750	"2000-01-01 00:01:17.750"	1.116	12.8659	4.0456	FALSE
74880	"2000-01-01 00:01:17.875"	1.1191	12.8579	4.4753	FALSE
75010	"2000-01-01 00:01:18.000"	1.1232	12.8175	5.2029	FALSE
75140	"2000-01-01 00:01:18.125"	1.1247	12.7695	6.8445	FALSE
75270	"2000-01-01 00:01:18.250"	1.1249	12.633	8.5307	FALSE
75400	"2000-01-01 00:01:18.375"	1.1242	12.6699	9.412	FALSE
75530	"2000-01-01 00:01:18.500"	1.1241	12.7155	9.6291	FALSE
75660	"2000-01-01 00:01:18.625"	1.1234	12.7651	9.6051	FALSE
75790	"2000-01-01 00:01:18.750"	1.1171	12.9067	9.4342	FALSE
75920	"2000-01-01 00:01:18.875"	1.1106	12.9335	8.5076	FALSE
76050	"2000-01-01 00:01:19.000"	1.1029	13.0321	6.9539	FALSE
76180	"2000-01-01 00:01:19.125"	1.0984	13.1227	6.3987	FALSE
76310	"2000-01-01 00:01:19.250"	1.0936	13.1005	6.4204	FALSE
76440	"2000-01-01 00:01:19.375"	1.0886	12.9928	6.4083	FALSE
76570	"2000-01-01 00:01:19.500"	1.082	12.8974	6.3575	FALSE
76700	"2000-01-01 00:01:19.625"	1.0752	12.7903	6.3577	FALSE
76830	"2000-01-01 00:01:19.750"	1.0676	12.7653	6.4268	FALSE
76960	"2000-01-01 00:01:19.875"	1.0592	12.7614	6.7353	FALSE
77090	"2000-01-01 00:01:20.000"	1.0519	12.9374	7.0393	FALSE
77220	"2000-01-01 00:01:20.125"	1.0473	13.009	7.1445	FALSE
77350	"2000-01-01 00:01:20.250"	1.0434	12.9935	7.0546	FALSE
77480	"2000-01-01 00:01:20.375"	1.0399	12.9684	7.1167	FALSE
77610	"2000-01-01 00:01:20.500"	1.0401	12.9726	7.0643	FALSE
77740	"2000-01-01 00:01:20.625"	1.0388	12.9305	6.9261	FALSE
77740	"2000-01-01 00:01:20.750"	1.035	13.0337	6.9326	FALSE
77870	"2000-01-01 00:01:20.875"	1.0325	12.7997	7.1081	FALSE
78000	"2000-01-01 00:01:21.000"	1.0325	12.9122	6.8219	FALSE
78130	"2000-01-01 00:01:21.125"	1.035	13.0565	6.568	FALSE
78260	"2000-01-01 00:01:21.250"	1.0359	13.107	6.4822	FALSE
78390	"2000-01-01 00:01:21.375"	1.0356	13.0354	6.2993	FALSE
78520	"2000-01-01 00:01:21.500"	1.0366	13.1843	5.7354	FALSE
78650	"2000-01-01 00:01:21.625"	1.0331	13.2675	5.0863	FALSE
78780	"2000-01-01 00:01:21.750"	1.029	13.3197	4.8464	FALSE
78910	"2000-01-01 00:01:21.875"	1.0274	13.3262	4.5466	FALSE
79040	"2000-01-01 00:01:22.000"	1.0246	13.3222	4.0344	FALSE
79170	"2000-01-01 00:01:22.125"	1.017	13.3268	3.8075	FALSE
79300	"2000-01-01 00:01:22.250"	1.0104	13.3672	3.5387	FALSE
79430	"2000-01-01 00:01:22.375"	1.0052	13.3779	3.4726	FALSE
79560	"2000-01-01 00:01:22.500"	1.0007	13.365	3.7671	FALSE
79690	"2000-01-01 00:01:22.625"	0.9978	13.3739	3.8002	FALSE
79820	"2000-01-01 00:01:22.750"	0.9954	13.4009	3.5309	FALSE
79950	"2000-01-01 00:01:22.875"	0.9883	13.4108	3.3401	FALSE
80080	"2000-01-01 00:01:23.000"	0.9833	13.4008	3.2956	FALSE
80210	"2000-01-01 00:01:23.125"	0.9793	13.3712	3.3044	FALSE
80340	"2000-01-01 00:01:23.250"	0.9771	13.3024	3.1891	FALSE
80470	"2000-01-01 00:01:23.375"	0.9754	13.3002	3.0384	FALSE
80600	"2000-01-01 00:01:23.500"	0.9749	13.3862	2.9422	FALSE
80730	"2000-01-01 00:01:23.625"	0.973	13.4105	2.9236	FALSE
80860	"2000-01-01 00:01:23.750"	0.9661	13.3652	2.8934	FALSE
80990	"2000-01-01 00:01:23.875"	0.9567	13.3514	2.8694	FALSE
80990	"2000-01-01 00:01:24.000"	0.9456	13.358	2.7014	FALSE
81120	"2000-01-01 00:01:24.125"	0.9346	13.3808	2.3956	FALSE
81250	"2000-01-01 00:01:24.250"	0.9196	13.3789	2.3691	FALSE
81380	"2000-01-01 00:01:24.375"	0.9058	13.3161	2.0346	FALSE
81510	"2000-01-01 00:01:24.500"	0.8867	13.4156	1.4521	FALSE
81640	"2000-01-01 00:01:24.625"	0.8628	13.4607	1.2074	FALSE
81770	"2000-01-01 00:01:24.750"	0.8376	13.4599	1.1703	FALSE
81900	"2000-01-01 00:01:24.875"	0.8138	13.4505	1.0027	FALSE
82030	"2000-01-01 00:01:25.000"	0.789	13.4773	0.8306	FALSE
82160	"2000-01-01 00:01:25.125"	0.7661	13.4761	0.841	FALSE
82290	"2000-01-01 00:01:25.250"	0.7426	13.4682	0.8422	FALSE
82420	"2000-01-01 00:01:25.375"	0.7233	13.4706	0.8197	FALSE
82550	"2000-01-01 00:01:25.500"	0.6937	13.4721	0.7834	FALSE
82680	"2000-01-01 00:01:25.625"	0.6733	13.4822	0.7507	FALSE
82810	"2000-01-01 00:01:25.750"	0.644	13.4901	0.7297	FALSE
82940	"2000-01-01 00:01:25.875"	0.6224	13.495	0.7017	FALSE
83070	"2000-01-01 00:01:26.000"	0.597	13.4994	0.6786	FALSE
83200	"2000-01-01 00:01:26.125"	0.5731	13.5036	0.6533	FALSE
83330	"2000-01-01 00:01:26.250"	0.5589	13.5037	0.6238	FALSE
83460	"2000-01-01 00:01:26.375"	0.5365	13.505	0.5848	FALSE
83590	"2000-01-01 00:01:26.500"	0.5184	13.5044	0.5663	FALSE
83720	"2000-01-01 00:01:26.625"	0.5021	13.5051	0.534	FALSE
83850	"2000-01-01 00:01:26.750"	0.4848	13.5043	0.5041	FALSE
83980	"2000-01-01 00:01:26.875"	0.4626	13.5045	0.4868	FALSE
84110	"2000-01-01 00:01:27.000"	0.4422	13.5042	0.4806	FALSE
84240	"2000-01-01 00:01:27.125"	0.4211	13.5067	0.4746	FALSE
84240	"2000-01-01 00:01:27.250"	0.3937	13.5085	0.4708	FALSE
84370	"2000-01-01 00:01:27.375"	0.3586	13.5095	0.4673	FALSE
84500	"2000-01-01 00:01:27.500"	0.3255	13.51	0.464	FALSE
84630	"2000-01-01 00:01:27.625"	0.2866	13.5098	0.4628	FALSE
84760	"2000-01-01 00:01:27.750"	0.2496	13.5105	0.4618	FALSE
84890	"2000-01-01 00:01:27.875"	0.21	13.5105	0.4601	FALSE
85020	"2000-01-01 00:01:28.000"	0.1646	13.5106	0.4589	FALSE
85150	"2000-01-01 00:01:28.125"	0.1257	13.5103	0.4576	FALSE
85280	"2000-01-01 00:01:28.250"	0.0963	13.5102	0.4562	FALSE
85410	"2000-01-01 00:01:28.375"	0.0698	13.5112	0.4559	FALSE
85540	"2000-01-01 00:01:28.500"	0.0624	13.5105	0.4559	FALSE
85670	"2000-01-01 00:01:28.625"	0.0481	13.5103	0.4554	FALSE
85800	"2000-01-01 00:01:28.750"	0.0472	13.5128	0.4551	FALSE
85930	"2000-01-01 00:01:28.875"	0.0466	13.512	0.4522	FALSE
86060	"2000-01-01 00:01:29.000"	0.0464	13.5116	0.4494	FALSE
86190	"2000-01-01 00:01:29.125"	0.0468	13.5108	0.4469	FALSE
86320	"2000-01-01 00:01:29.250"	0.047	13.5112	0.4517	FALSE
86450	"2000-01-01 00:01:29.375"	0.0477	13.5112	0.4487	FALSE
86580	"2000-01-01 00:01:29.500"	0.0477	13.5111	0.4474	FALSE
86710	"2000-01-01 00:01:29.625"	0.0477	13.5139	0.4415	FALSE
86840	"2000-01-01 00:01:29.750"	0.0474	13.5148	0.4079	FALSE
86970	"2000-01-01 00:01:29.875"	0.0478	13.5155	0.4115	FALSE
87100	"2000-01-01 00:01:30.000"	0.0469	13.5155	0.3915	FALSE
87230	"2000-01-01 00:01:30.125"	0.0477	13.5136	0.1453	FALSE
87360	"2000-01-01 00:01:30.250"	0.048	13.5119	0.1006	FALSE
87490	"2000-01-01 00:01:30.375"	0.0478	13.5119	0.0769	FALSE
87490	"2000-01-01 00:01:30.500"	0.0475	13.5124	0.0721	FALSE
87620	"2000-01-01 00:01:30.625"	0.0478	13.5133	0.0815	FALSE
87750	"2000-01-01 00:01:30.750"	0.0475	13.5142	0.0131	FALSE
87880	"2000-01-01 00:01:30.875"	0.048	13.5154	0.0097	FALSE
88010	"2000-01-01 00:01:31.000"	0.048	13.5162	0.0147	FALSE
88140	"2000-01-01 00:01:31.125"	0.0479	13.5148	0.013	FALSE
88270	"2000-01-01 00:01:31.250"	0.0484	13.517	0.0102	FALSE
88400	"2000-01-01 00:01:31.375"	0.0476	13.5163	0.0086	FALSE
88530	"2000-01-01 00:01:31.500"	0.0475	13.5159	0.0083	FALSE
88660	"2000-01-01 00:01:31.625"	0.0465	13.5158	0.0079	FALSE
88790	"2000-01-01 00:01:31.750"	0.0471	13.5173	0.0072	FALSE
88920	"2000-01-01 00:01:31.875"	0.0471	13.5126	0.0073	FALSE
89050	"2000-01-01 00:01:32.000"	0.0469	13.5007	0.0074	FALSE
89180	"2000-01-01 00:01:32.125"	0.0473	13.4926	0.0071	FALSE
89310	"2000-01-01 00:01:32.250"	0.0476	13.4688	0.0075	FALSE
89440	"2000-01-01 00:01:32.375"	0.0474	13.4409	0.0071	FALSE
89570	"2000-01-01 00:01:32.500"	0.0479	13.4223	0.0072	FALSE
89700	"2000-01-01 00:01:32.625"	0.0472	13.4115	0.0069	FALSE
89830	"2000-01-01 00:01:32.750"	0.0477	13.382	0.0071	FALSE
89960	"2000-01-01 00:01:32.875"	0.0476	13.3671	0.0069	FALSE
90090	"2000-01-01 00:01:33.000"	0.0474	13.3539	0.0071	FALSE
90220	"2000-01-01 00:01:33.125"	0.0481	13.325	0.0069	FALSE
90350	"2000-01-01 00:01:33.250"	0.0474	13.3002	0.0069	FALSE
90480	"2000-01-01 00:01:33.375"	0.0472	13.2818	0.0069	FALSE
90610	"2000-01-01 00:01:33.500"	0.047	13.2603	0.0069	FALSE
90740	"2000-01-01 00:01:33.625"	0.0472	13.3798	0.007	FALSE
90740	"2000-01-01 00:01:33.750"	0.0477	13.3971	0.007	FALSE
90870	"2000-01-01 00:01:33.875"	0.0477	13.3905	0.007	FALSE
91000	"2000-01-01 00:01:34.000"	0.0457	13.376	0.0083	FALSE
91130	"2000-01-01 00:01:34.125"	0.0458	13.4439	0.0237	FALSE
91260	"2000-01-01 00:01:34.250"	0.0466	13.4464	0.0167	FALSE
91390	"2000-01-01 00:01:34.375"	0.0476	13.4578	0.0254	FALSE
91520	"2000-01-01 00:01:34.500"	0.0475	13.4802	0.011	FALSE
91650	"2000-01-01 00:01:34.625"	0.0476	13.495	0.0128	FALSE
91780	"2000-01-01 00:01:34.750"	0.0477	13.4967	0.0389	FALSE
91910	"2000-01-01 00:01:34.875"	0.0488	13.508	0.0151	FALSE
92040	"2000-01-01 00:01:35.000"	0.0477	13.5152	0.0147	FALSE
92170	"2000-01-01 00:01:35.125"	0.0485	13.5182	0.0092	FALSE
92300	"2000-01-01 00:01:35.250"	0.0482	13.4873	0.008	FALSE
92430	"2000-01-01 00:01:35.375"	0.0473	13.4507	0.0076	FALSE
92560	"2000-01-01 00:01:35.500"	0.0467	13.4093	0.0076	FALSE
92690	"2000-01-01 00:01:35.625"	0.0462	13.3924	0.0074	FALSE
92820	"2000-01-01 00:01:35.750"	0.0471	13.3707	0.0085	FALSE
92950	"2000-01-01 00:01:35.875"	0.0472	13.3465	0.0082	FALSE
93080	"2000-01-01 00:01:36.000"	0.0466	13.3219	0.0077	FALSE
93210	"2000-01-01 00:01:36.125"	0.0467	13.2951	0.0076	FALSE
93340	"2000-01-01 00:01:36.250"	0.0474	13.2613	0.0071	FALSE
93470	"2000-01-01 00:01:36.375"	0.0461	13.2305	0.0072	FALSE
93600	"2000-01-01 00:01:36.500"	0.0456	13.2074	0.0072	FALSE
93730	"2000-01-01 00:01:36.625"	0.0446	13.1776	0.0074	FALSE
93860	"2000-01-01 00:01:36.750"	0.0439	13.1562	0.0072	FALSE
93990	"2000-01-01 00:01:36.875"	0.0457	13.0874	0.0076	FALSE
93990	"2000-01-01 00:01:37.000"	0.048	13.107	0.0085	FALSE
94120	"2000-01-01 00:01:37.125"	0.046	13.2219	0.0082	FALSE
94250	"2000-01-01 00:01:37.250"	0.0459	13.2287	0.0077	FALSE
94380	"2000-01-01 00:01:37.375"	0.0445	13.196	0.0077	FALSE
94510	"2000-01-01 00:01:37.500"	0.0448	13.1539	0.0075	FALSE
94640	"2000-01-01 00:01:37.625"	0.0457	13.0929	0.0074	FALSE
94770	"2000-01-01 00:01:37.750"	0.0444	13.0569	0.0076	FALSE
94900	"2000-01-01 00:01:37.875"	0.0462	13.0148	0.0071	FALSE
95030	"2000-01-01 00:01:38.000"	0.0455	12.9724	0.0068	FALSE
95160	"2000-01-01 00:01:38.125"	0.0464	12.9324	0	FALSE
95290	"2000-01-01 00:01:38.250"	0.0464	12.8914	0.0067	FALSE
95420	"2000-01-01 00:01:38.375"	0.0471	12.8571	0.0067	FALSE
95550	"2000-01-01 00:01:38.500"	0.0474	12.8226	0.0071	FALSE
95680	"2000-01-01 00:01:38.625"	0.0475	12.7966	0.0067	FALSE
95810	"2000-01-01 00:01:38.750"	0.049	12.7679	0.0066	FALSE
95940	"2000-01-01 00:01:38.875"	0.0493	12.7411	0.0066	FALSE
96070	"2000-01-01 00:01:39.000"	0.0487	12.7228	0	FALSE
96200	"2000-01-01 00:01:39.125"	0.0469	12.7088	0.0068	FALSE
96330	"2000-01-01 00:01:39.250"	0.0469	12.6969	0	FALSE
96460	"2000-01-01 00:01:39.375"	0.047	12.6791	0.0066	FALSE
96590	"2000-01-01 00:01:39.500"	0.0461	12.6589	0.0065	FALSE
96720	"2000-01-01 00:01:39.625"	0.0445	12.6391	0.0066	FALSE
96850	"2000-01-01 00:01:39.750"	0.0466	12.6161	0	FALSE
96980	"2000-01-01 00:01:39.875"	0.0474	12.6069	0	FALSE
97110	"2000-01-01 00:01:40.000"	0.0481	12.5931	0.0066	FALSE
97240	"2000-01-01 00:01:40.125"	0.0483	12.5815	0.0065	FALSE
97240	"2000-01-01 00:01:40.250"	0.0473	12.573	0	FALSE
97370	"2000-01-01 00:01:40.375"	0.048	12.5659	0.0066	FALSE
97500	"2000-01-01 00:01:40.500"	0.0476	12.5572	0.0065	FALSE
97630	"2000-01-01 00:01:40.625"	0.0492	12.55	0.0065	FALSE
97760	"2000-01-01 00:01:40.750"	0.0493	12.5458	0.0065	FALSE
97890	"2000-01-01 00:01:40.875"	0.0491	12.5439	0.0065	FALSE
98020	"2000-01-01 00:01:41.000"	0.0487	12.5408	0.0065	FALSE
98150	"2000-01-01 00:01:41.125"	0.0485	12.5389	0.0065	FALSE
98280	"2000-01-01 00:01:41.250"	0.0461	12.5339	0.0066	FALSE
98410	"2000-01-01 00:01:41.375"	0.0454	12.5237	0.0065	FALSE
98540	"2000-01-01 00:01:41.500"	0.0464	12.526	0.0065	FALSE
98670	"2000-01-01 00:01:41.625"	0.0453	12.6695	0.0069	FALSE
98800	"2000-01-01 00:01:41.750"	0.0458	12.6685	0.007	FALSE
98930	"2000-01-01 00:01:41.875"	0.044	12.6505	0.0069	FALSE
99060	"2000-01-01 00:01:42.000"	0.0432	12.6221	0.0068	FALSE
99190	"2000-01-01 00:01:42.125"	0.0417	12.591	0.0065	FALSE
99320	"2000-01-01 00:01:42.250"	0.0438	12.5578	0.0066	FALSE
99450	"2000-01-01 00:01:42.375"	0.0453	12.5839	0.0067	FALSE
99580	"2000-01-01 00:01:42.500"	0.044	12.6307	0	FALSE
99710	"2000-01-01 00:01:42.625"	0.0438	12.6009	0.0067	FALSE
99840	"2000-01-01 00:01:42.750"	0.0442	12.5719	0.0065	FALSE
99970	"2000-01-01 00:01:42.875"	0.0448	12.5639	0.0066	FALSE
100100	"2000-01-01 00:01:43.000"	0.0467	12.5696	0.0065	FALSE
100230	"2000-01-01 00:01:43.125"	0.043	12.5642	0	FALSE
100360	"2000-01-01 00:01:43.250"	0.0433	12.5627	0.0066	FALSE
100490	"2000-01-01 00:01:43.375"	0.0476	12.5646	0.0078	FALSE
100490	"2000-01-01 00:01:43.500"	0.047	12.5607	0.0085	FALSE
100620	"2000-01-01 00:01:43.625"	0.046	12.5577	0.0083	FALSE
100750	"2000-01-01 00:01:43.750"	0.0439	12.558	0.0084	FALSE
100880	"2000-01-01 00:01:43.875"	0.045	12.5501	0.0074	FALSE
101010	"2000-01-01 00:01:44.000"	0.0466	12.5635	0.0077	FALSE
101140	"2000-01-01 00:01:44.125"	0.0467	12.562	0.0075	FALSE
101270	"2000-01-01 00:01:44.250"	0.0482	12.5512	0.0069	FALSE
101400	"2000-01-01 00:01:44.375"	0.0469	12.5448	0.007	FALSE
101530	"2000-01-01 00:01:44.500"	0.0454	12.541	0.0071	FALSE
101660	"2000-01-01 00:01:44.625"	0.0469	12.5422	0.0069	FALSE
101790	"2000-01-01 00:01:44.750"	0.0459	12.5425	0.0069	FALSE
101920	"2000-01-01 00:01:44.875"	0.0446	12.5427	0.0069	FALSE
102050	"2000-01-01 00:01:45.000"	0.0441	12.5453	0.0067	FALSE
