"Profile_ID";"filename";"station_name";"lat_dec_deg";"lon_dec_deg";"date_heure_UTC";"date_heure_MDT";"flag_qc";"EC_Press_dbar_val";"tare_depth";"comment";"closest_EC_sector"
1;"Nunataryuk_WP4-1_st01_I20190423_R20200109_BECU_IOP-CTD-d01.csv";"st01";68.31891;-133.6775;"2019-04-23 19:48:00";"2019-04-23 13:48:00";1;99.61;-0.0669492377154359;"station to get sediment cores";"INUVIK CLIMATE"
2;"Nunataryuk_WP4-1_st0a_I20190420_R20200109_BECU_IOP-CTD-d01.csv";"st0a";68.50483;-134.14796;"2019-04-20 15:34:00";"2019-04-20 09:34:00";1;99.78;-0.0569222005469925;"test station";"INUVIK CLIMATE"
3;"Nunataryuk_WP4-1_st0b_I20190420_R20200109_BECU_IOP-CTD-d01.csv";"st0b";68.31903;-133.67819;"2019-04-20 20:49:00";"2019-04-20 14:49:00";1;99.79;-0.056332374831201;"test station";"INUVIK CLIMATE"
4;"Nunataryuk_WP4-1_st020_I20190427_R20200109_BECU_IOP-CTD-d01.csv";"st020";69.41603;-133.51918;"2019-04-27 20:28:00";"2019-04-27 14:28:00";1;103.23;0.146567671400827;NA;"TUKTOYAKTUK A"
5;"Nunataryuk_WP4-1_st020_I20190427_R20200109_BECU_IOP-CTD-d02.csv";"st020";69.41603;-133.51918;"2019-04-27 20:28:00";"2019-04-27 14:28:00";1;103.23;0.146567671400827;NA;"TUKTOYAKTUK A"
6;"Nunataryuk_WP4-1_st020_I20190427_R20200109_BECU_IOP-CTD-d03.csv";"st020";69.41603;-133.51918;"2019-04-27 20:28:00";"2019-04-27 14:28:00";1;103.23;0.146567671400827;NA;"TUKTOYAKTUK A"
7;"Nunataryuk_WP4-1_st020_I20190427_R20200109_BECU_IOP-CTD-d04.csv";"st020";69.41603;-133.51918;"2019-04-27 20:28:00";"2019-04-27 14:28:00";1;103.23;0.146567671400827;NA;"TUKTOYAKTUK A"
8;"Nunataryuk_WP4-1_st020_I20190427_R20200109_BECU_IOP-CTD-d05.csv";"st020";69.41603;-133.51918;"2019-04-27 20:28:00";"2019-04-27 14:28:00";1;103.23;0.146567671400827;NA;"TUKTOYAKTUK A"
9;"Nunataryuk_WP4-1_st020_I20190427_R20200109_BECU_IOP-CTD-d06.csv";"st020";69.41603;-133.51918;"2019-04-27 20:28:00";"2019-04-27 14:28:00";1;103.23;0.146567671400827;NA;"TUKTOYAKTUK A"
10;"Nunataryuk_WP4-1_st020_I20190427_R20200109_BECU_IOP-CTD-d07.csv";"st020";69.41603;-133.51918;"2019-04-27 20:28:00";"2019-04-27 14:28:00";1;103.23;0.146567671400827;NA;"TUKTOYAKTUK A"
11;"Nunataryuk_WP4-1_st040_I20190428_R20200109_BECU_IOP-CTD-d01.csv";"st040";69.36243;-133.73932;"2019-04-28 20:30:00";"2019-04-28 14:30:00";1;103.38;0.155415057137688;NA;"TUKTOYAKTUK A"
12;"Nunataryuk_WP4-1_st040_I20190428_R20200109_BECU_IOP-CTD-d02.csv";"st040";69.36243;-133.73932;"2019-04-28 20:30:00";"2019-04-28 14:30:00";1;103.38;0.155415057137688;NA;"TUKTOYAKTUK A"
13;"Nunataryuk_WP4-1_st040_I20190428_R20200109_BECU_IOP-CTD-d03.csv";"st040";69.36243;-133.73932;"2019-04-28 20:30:00";"2019-04-28 14:30:00";1;103.38;0.155415057137688;NA;"TUKTOYAKTUK A"
14;"Nunataryuk_WP4-1_st040_I20190428_R20200109_BECU_IOP-CTD-d04.csv";"st040";69.36243;-133.73932;"2019-04-28 20:30:00";"2019-04-28 14:30:00";1;103.38;0.155415057137688;NA;"TUKTOYAKTUK A"
15;"Nunataryuk_WP4-1_st140-alt_I20190424_R20200109_BECU_IOP-CTD-d01.csv";"st140-alt";69.02065;-137.3236;"2019-04-24 22:42:00";"2019-04-24 16:42:00";0;102.51;0.104100219863891;"bad data (sensors stuck in ice)";"SHINGLE POINT A"
16;"Nunataryuk_WP4-1_st150-alt_I20190424_R20200109_BECU_IOP-CTD-d01.csv";"st150-alt";68.98647;-137.03941;"2019-04-24 19:52:00";"2019-04-24 13:52:00";0;102.43;0.099381614137565;"bad data (sensors stuck in ice)";"SHINGLE POINT A"
17;"Nunataryuk_WP4-1_st340-alt_I20190424_R20200109_BECU_IOP-CTD-d01.csv";"st340-alt";69.15123;-136.85516;"2019-04-24 21:05:00";"2019-04-24 15:05:00";0;102.46;0.101151091284937;"bad data (sensors stuck in ice)";"SHINGLE POINT A"
18;"Nunataryuk_WP4-1_st350_I20190425_R20200109_BECU_IOP-CTD-d01.csv";"st350";69.11024;-136.79085;"2019-04-25 23:05:00";"2019-04-25 17:05:00";0;102.16;0.083456319811213;NA;"SHINGLE POINT A"
19;"Nunataryuk_WP4-1_st350_I20190425_R20200109_BECU_IOP-CTD-d02.csv";"st350";69.11024;-136.79085;"2019-04-25 23:05:00";"2019-04-25 17:05:00";1;102.16;0.083456319811213;NA;"SHINGLE POINT A"
20;"Nunataryuk_WP4-1_st350_I20190425_R20200109_BECU_IOP-CTD-d03.csv";"st350";69.11024;-136.79085;"2019-04-25 23:05:00";"2019-04-25 17:05:00";1;102.16;0.083456319811213;NA;"SHINGLE POINT A"
21;"Nunataryuk_WP4-1_st350_I20190425_R20200109_BECU_IOP-CTD-d04.csv";"st350";69.11024;-136.79085;"2019-04-25 23:05:00";"2019-04-25 17:05:00";1;102.16;0.083456319811213;NA;"SHINGLE POINT A"
22;"Nunataryuk_WP4-1_st350_I20190425_R20200109_BECU_IOP-CTD-d05.csv";"st350";69.11024;-136.79085;"2019-04-25 23:05:00";"2019-04-25 17:05:00";1;102.16;0.083456319811213;NA;"SHINGLE POINT A"
23;"Nunataryuk_WP4-1_st350_I20190425_R20200109_BECU_IOP-CTD-d06.csv";"st350";69.11024;-136.79085;"2019-04-25 23:05:00";"2019-04-25 17:05:00";1;102.16;0.083456319811213;NA;"SHINGLE POINT A"
24;"Nunataryuk_WP4-1_st350_I20190425_R20200109_BECU_IOP-CTD-d07.csv";"st350";69.11024;-136.79085;"2019-04-25 23:05:00";"2019-04-25 17:05:00";1;102.16;0.083456319811213;NA;"SHINGLE POINT A"
25;"Nunataryuk_WP4-1_st350_I20190425_R20200109_BECU_IOP-CTD-d08.csv";"st350";69.11024;-136.79085;"2019-04-25 23:05:00";"2019-04-25 17:05:00";1;102.16;0.083456319811213;NA;"SHINGLE POINT A"
26;"Nunataryuk_WP4-1_st360_I20190424_R20200109_BECU_IOP-CTD-d01.csv";"st360";68.99724;-136.47992;"2019-04-24 18:14:00";"2019-04-24 12:14:00";0;102.34;0.0940731826954471;"bad data (sensors stuck in ice)";"SHINGLE POINT A"
27;"Nunataryuk_WP4-1_st370-alt_I20190424_R20200109_BECU_IOP-CTD-d01.csv";"st370-alt";68.9531;-136.25413;"2019-04-24 16:10:00";"2019-04-24 10:10:00";1;102.25;0.0887647512533301;NA;"SHINGLE POINT A"
28;"Nunataryuk_WP4-1_st370-alt_I20190424_R20200109_BECU_IOP-CTD-d02.csv";"st370-alt";68.9531;-136.25413;"2019-04-24 16:10:00";"2019-04-24 10:10:00";1;102.25;0.0887647512533301;NA;"SHINGLE POINT A"
29;"Nunataryuk_WP4-1_st370-alt_I20190424_R20200109_BECU_IOP-CTD-d03.csv";"st370-alt";68.9531;-136.25413;"2019-04-24 16:10:00";"2019-04-24 10:10:00";1;102.25;0.0887647512533301;NA;"SHINGLE POINT A"
30;"Nunataryuk_WP4-1_st380-alt-b_I20190426_R20200109_BECU_IOP-CTD-d01.csv";"st380-alt-b";68.8652;-135.80671;"2019-04-25 23:45:00";"2019-04-25 17:45:00";0;102.18;0.0846359712427942;"second visit of station, cste depth at 0.7 and 1,0 m";"SHINGLE POINT A"
31;"Nunataryuk_WP4-1_st380-alt_I20190422_R20200109_BECU_IOP-CTD-d01.csv";"st380-alt";68.86526;-135.80715;"2019-04-22 22:50:00";"2019-04-22 16:50:00";1;100.03;-0.0421765576522226;NA;"SHINGLE POINT A"
32;"Nunataryuk_WP4-1_st380-alt_I20190422_R20200109_BECU_IOP-CTD-d02.csv";"st380-alt";68.86526;-135.80715;"2019-04-22 22:50:00";"2019-04-22 16:50:00";1;100.03;-0.0421765576522226;NA;"SHINGLE POINT A"
33;"Nunataryuk_WP4-1_st380-alt_I20190422_R20200109_BECU_IOP-CTD-d03.csv";"st380-alt";68.86526;-135.80715;"2019-04-22 22:50:00";"2019-04-22 16:50:00";1;100.03;-0.0421765576522226;NA;"SHINGLE POINT A"
34;"Nunataryuk_WP4-1_st550_I20190422_R20200109_BECU_IOP-CTD-d01.csv";"st550";69.22586;-136.32785;"2019-04-22 19:27:00";"2019-04-22 13:27:00";1;100.08;-0.0392274290732688;NA;"SHINGLE POINT A"
35;"Nunataryuk_WP4-1_st550_I20190422_R20200109_BECU_IOP-CTD-d02.csv";"st550";69.22586;-136.32785;"2019-04-22 19:27:00";"2019-04-22 13:27:00";1;100.08;-0.0392274290732688;NA;"SHINGLE POINT A"
36;"Nunataryuk_WP4-1_st740_I20190428_R20200109_BECU_IOP-CTD-d01.csv";"st740";69.40317;-133.85073;"2019-04-28 19:29:00";"2019-04-28 13:29:00";1;103.39;0.156004882853479;NA;"TUKTOYAKTUK A"
37;"Nunataryuk_WP4-1_st740_I20190428_R20200109_BECU_IOP-CTD-d02.csv";"st740";69.40317;-133.85073;"2019-04-28 19:29:00";"2019-04-28 13:29:00";1;103.39;0.156004882853479;NA;"TUKTOYAKTUK A"
38;"Nunataryuk_WP4-1_st740_I20190428_R20200109_BECU_IOP-CTD-d03.csv";"st740";69.40317;-133.85073;"2019-04-28 19:29:00";"2019-04-28 13:29:00";1;103.39;0.156004882853479;NA;"TUKTOYAKTUK A"
39;"Nunataryuk_WP4-1_st740_I20190428_R20200109_BECU_IOP-CTD-d04.csv";"st740";69.40317;-133.85073;"2019-04-28 19:29:00";"2019-04-28 13:29:00";1;103.39;0.156004882853479;NA;"TUKTOYAKTUK A"
40;"Nunataryuk_WP4-1_st740_I20190428_R20200109_BECU_IOP-CTD-d05.csv";"st740";69.40317;-133.85073;"2019-04-28 19:29:00";"2019-04-28 13:29:00";1;103.39;0.156004882853479;NA;"TUKTOYAKTUK A"
41;"Nunataryuk_WP4-1_st740_I20190428_R20200109_BECU_IOP-CTD-d06.csv";"st740";69.40317;-133.85073;"2019-04-28 19:29:00";"2019-04-28 13:29:00";1;103.39;0.156004882853479;NA;"TUKTOYAKTUK A"
42;"Nunataryuk_WP4-1_st740_I20190428_R20200109_BECU_IOP-CTD-d07.csv";"st740";69.40317;-133.85073;"2019-04-28 19:29:00";"2019-04-28 13:29:00";1;103.39;0.156004882853479;NA;"TUKTOYAKTUK A"
43;"Nunataryuk_WP4-1_st810_I20190427_R20200109_BECU_IOP-CTD-d01.csv";"st810";69.53498;-133.41547;"2019-04-27 22:25:00";"2019-04-27 16:25:00";1;103.24;0.147157497116618;NA;"TUKTOYAKTUK A"
44;"Nunataryuk_WP4-1_st810_I20190427_R20200109_BECU_IOP-CTD-d02.csv";"st810";69.53498;-133.41547;"2019-04-27 22:25:00";"2019-04-27 16:25:00";1;103.24;0.147157497116618;NA;"TUKTOYAKTUK A"
45;"Nunataryuk_WP4-1_st810_I20190427_R20200109_BECU_IOP-CTD-d03.csv";"st810";69.53498;-133.41547;"2019-04-27 22:25:00";"2019-04-27 16:25:00";1;103.24;0.147157497116618;NA;"TUKTOYAKTUK A"
46;"Nunataryuk_WP4-1_st810_I20190427_R20200109_BECU_IOP-CTD-d04.csv";"st810";69.53498;-133.41547;"2019-04-27 22:25:00";"2019-04-27 16:25:00";1;103.24;0.147157497116618;NA;"TUKTOYAKTUK A"
47;"Nunataryuk_WP4-1_st810_I20190427_R20200109_BECU_IOP-CTD-d05.csv";"st810";69.53498;-133.41547;"2019-04-27 22:25:00";"2019-04-27 16:25:00";1;103.24;0.147157497116618;NA;"TUKTOYAKTUK A"
48;"Nunataryuk_WP4-1_st810_I20190427_R20200109_BECU_IOP-CTD-d06.csv";"st810";69.53498;-133.41547;"2019-04-27 22:25:00";"2019-04-27 16:25:00";1;103.24;0.147157497116618;NA;"TUKTOYAKTUK A"
49;"Nunataryuk_WP4-1_st810_I20190427_R20200109_BECU_IOP-CTD-d07.csv";"st810";69.53498;-133.41547;"2019-04-27 22:25:00";"2019-04-27 16:25:00";1;103.24;0.147157497116618;NA;"TUKTOYAKTUK A"
50;"Nunataryuk_WP4-1_st830_I20190427_R20200109_BECU_IOP-CTD-d01.csv";"st830";69.43212;-133.65637;"2019-04-27 17:26:00";"2019-04-27 11:26:00";1;103.2;0.144798194253454;NA;"TUKTOYAKTUK A"
51;"Nunataryuk_WP4-1_st830_I20190427_R20200109_BECU_IOP-CTD-d02.csv";"st830";69.43212;-133.65637;"2019-04-27 17:26:00";"2019-04-27 11:26:00";1;103.2;0.144798194253454;NA;"TUKTOYAKTUK A"
52;"Nunataryuk_WP4-1_st830_I20190427_R20200109_BECU_IOP-CTD-d03.csv";"st830";69.43212;-133.65637;"2019-04-27 17:26:00";"2019-04-27 11:26:00";1;103.2;0.144798194253454;NA;"TUKTOYAKTUK A"
53;"Nunataryuk_WP4-1_st830_I20190427_R20200109_BECU_IOP-CTD-d04.csv";"st830";69.43212;-133.65637;"2019-04-27 17:26:00";"2019-04-27 11:26:00";1;103.2;0.144798194253454;NA;"TUKTOYAKTUK A"
54;"Nunataryuk_WP4-1_st830_I20190427_R20200109_BECU_IOP-CTD-d05.csv";"st830";69.43212;-133.65637;"2019-04-27 17:26:00";"2019-04-27 11:26:00";1;103.2;0.144798194253454;NA;"TUKTOYAKTUK A"
55;"Nunataryuk_WP4-1_st830_I20190427_R20200109_BECU_IOP-CTD-d06.csv";"st830";69.43212;-133.65637;"2019-04-27 17:26:00";"2019-04-27 11:26:00";1;103.2;0.144798194253454;NA;"TUKTOYAKTUK A"
56;"Nunataryuk_WP4-1_st830_I20190427_R20200109_BECU_IOP-CTD-d07.csv";"st830";69.43212;-133.65637;"2019-04-27 17:26:00";"2019-04-27 11:26:00";1;103.2;0.144798194253454;NA;"TUKTOYAKTUK A"
57;"Nunataryuk_WP4-1_st830_I20190427_R20200109_BECU_IOP-CTD-d08.csv";"st830";69.43212;-133.65637;"2019-04-27 17:26:00";"2019-04-27 11:26:00";1;103.2;0.144798194253454;NA;"TUKTOYAKTUK A"
58;"Nunataryuk_WP4-1_st840_I20190428_R20200109_BECU_IOP-CTD-d01.csv";"st840";69.39828;-133.80961;"2019-04-28 18:30:00";"2019-04-28 12:30:00";1;103.39;0.156004882853479;NA;"TUKTOYAKTUK A"
59;"Nunataryuk_WP4-1_st840_I20190428_R20200109_BECU_IOP-CTD-d02.csv";"st840";69.39828;-133.80961;"2019-04-28 18:30:00";"2019-04-28 12:30:00";1;103.39;0.156004882853479;NA;"TUKTOYAKTUK A"
60;"Nunataryuk_WP4-1_st840_I20190428_R20200109_BECU_IOP-CTD-d03.csv";"st840";69.39828;-133.80961;"2019-04-28 18:30:00";"2019-04-28 12:30:00";1;103.39;0.156004882853479;NA;"TUKTOYAKTUK A"
61;"Nunataryuk_WP4-1_st840_I20190428_R20200109_BECU_IOP-CTD-d04.csv";"st840";69.39828;-133.80961;"2019-04-28 18:30:00";"2019-04-28 12:30:00";1;103.39;0.156004882853479;NA;"TUKTOYAKTUK A"
62;"Nunataryuk_WP4-1_st840_I20190428_R20200109_BECU_IOP-CTD-d05.csv";"st840";69.39828;-133.80961;"2019-04-28 18:30:00";"2019-04-28 12:30:00";1;103.39;0.156004882853479;NA;"TUKTOYAKTUK A"
63;"Nunataryuk_WP4-1_st840_I20190428_R20200109_BECU_IOP-CTD-d06.csv";"st840";69.39828;-133.80961;"2019-04-28 18:30:00";"2019-04-28 12:30:00";1;103.39;0.156004882853479;NA;"TUKTOYAKTUK A"
64;"Nunataryuk_WP4-1_st850_I20190425_R20200109_BECU_IOP-CTD-d01.csv";"st850";69.36778;-133.89382;"2019-04-25 20:31:00";"2019-04-25 14:31:00";1;102.85;0.124154294200777;NA;"TUKTOYAKTUK A"
65;"Nunataryuk_WP4-1_st850_I20190425_R20200109_BECU_IOP-CTD-d02.csv";"st850";69.36778;-133.89382;"2019-04-25 20:31:00";"2019-04-25 14:31:00";1;102.85;0.124154294200777;NA;"TUKTOYAKTUK A"
66;"Nunataryuk_WP4-1_st850_I20190425_R20200109_BECU_IOP-CTD-d03.csv";"st850";69.36778;-133.89382;"2019-04-25 20:31:00";"2019-04-25 14:31:00";1;102.85;0.124154294200777;NA;"TUKTOYAKTUK A"
67;"Nunataryuk_WP4-1_st860_I20190425_R20200109_BECU_IOP-CTD-d01.csv";"st860";69.35339;-133.92841;"2019-04-25 18:46:00";"2019-04-25 12:46:00";1;102.85;0.124154294200777;NA;"TUKTOYAKTUK A"
68;"Nunataryuk_WP4-1_st860_I20190425_R20200109_BECU_IOP-CTD-d02.csv";"st860";69.35339;-133.92841;"2019-04-25 18:46:00";"2019-04-25 12:46:00";1;102.85;0.124154294200777;NA;"TUKTOYAKTUK A"
69;"Nunataryuk_WP4-1_st860_I20190425_R20200109_BECU_IOP-CTD-d03.csv";"st860";69.35339;-133.92841;"2019-04-25 18:46:00";"2019-04-25 12:46:00";1;102.85;0.124154294200777;NA;"TUKTOYAKTUK A"
70;"Nunataryuk_WP4-1_st870_I20190425_R20200109_BECU_IOP-CTD-d01.csv";"st870";69.28915;-133.96901;"2019-04-25 17:00:00";"2019-04-25 11:00:00";1;102.87;0.125333945632358;NA;"TUKTOYAKTUK A"
71;"Nunataryuk_WP4-1_st870_I20190425_R20200109_BECU_IOP-CTD-d02.csv";"st870";69.28915;-133.96901;"2019-04-25 17:00:00";"2019-04-25 11:00:00";1;102.87;0.125333945632358;NA;"TUKTOYAKTUK A"
72;"Nunataryuk_WP4-1_st870_I20190425_R20200109_BECU_IOP-CTD-d03.csv";"st870";69.28915;-133.96901;"2019-04-25 17:00:00";"2019-04-25 11:00:00";1;102.87;0.125333945632358;NA;"TUKTOYAKTUK A"
73;"Nunataryuk_WP4-2_st030_I20190627_R20200109_BECU_IOP-CTD-d01.csv";"st030";69.3957;-133.64116;"2019-06-27 18:36:00";"2019-06-27 12:36:00";1;102;0.0740191083585611;NA;"TUKTOYAKTUK A"
74;"Nunataryuk_WP4-2_st030_I20190627_R20200109_BECU_IOP-CTD-u01.csv";"st030";69.3957;-133.64116;"2019-06-27 18:36:00";"2019-06-27 12:36:00";0;102;0.0740191083585611;NA;"TUKTOYAKTUK A"
75;"Nunataryuk_WP4-2_st040_I20190627_R20200109_BECU_IOP-CTD-d01.csv";"st040";69.36122;-133.73704;"2019-06-27 18:11:00";"2019-06-27 12:11:00";1;102.02;0.0751987597901422;NA;"TUKTOYAKTUK A"
76;"Nunataryuk_WP4-2_st040_I20190627_R20200109_BECU_IOP-CTD-u01.csv";"st040";69.36122;-133.73704;"2019-06-27 18:11:00";"2019-06-27 12:11:00";0;102.02;0.0751987597901422;NA;"TUKTOYAKTUK A"
77;"Nunataryuk_WP4-2_st110_I20190619_R20200109_BECU_IOP-CTD-d01.csv";"st110";69.31076;-138.13516;"2019-06-19 19:50:00";"2019-06-19 13:50:00";1;101.46;0.042168519705859;NA;"SHINGLE POINT A"
78;"Nunataryuk_WP4-2_st120_I20190619_R20200109_BECU_IOP-CTD-d01.csv";"st120";69.18151;-137.80621;"2019-06-19 20:16:00";"2019-06-19 14:16:00";1;101.46;0.042168519705859;NA;"SHINGLE POINT A"
79;"Nunataryuk_WP4-2_st140-alt_I20190621_R20200109_BECU_IOP-CTD-d01.csv";"st140-alt";69.02056;-137.32157;"2019-06-21 18:51:00";"2019-06-21 12:51:00";1;101.02;0.0162161882110636;NA;"SHINGLE POINT A"
80;"Nunataryuk_WP4-2_st150-alt_I20190618_R20200109_BECU_IOP-CTD-d01.csv";"st150-alt";68.98883;-137.03998;"2019-06-18 21:18:00";"2019-06-18 15:18:00";1;101.17;0.025063573947925;NA;"SHINGLE POINT A"
81;"Nunataryuk_WP4-2_st1030_I20190627_R20200109_BECU_IOP-CTD-d01.csv";"st1030";69.64852;-133.2175;"2019-06-27 22:05:00";"2019-06-27 16:05:00";1;101.93;0.0698903283480252;NA;"TUKTOYAKTUK A"
82;"Nunataryuk_WP4-2_st1030_I20190627_R20200109_BECU_IOP-CTD-u01.csv";"st1030";69.64852;-133.2175;"2019-06-27 22:05:00";"2019-06-27 16:05:00";0;101.93;0.0698903283480252;NA;"TUKTOYAKTUK A"
83;"Nunataryuk_WP4-2_st1040_I20190627_R20200109_BECU_IOP-CTD-d01.csv";"st1040";69.61363;-133.33506;"2019-06-27 21:41:00";"2019-06-27 15:41:00";1;101.93;0.0698903283480252;NA;"TUKTOYAKTUK A"
84;"Nunataryuk_WP4-2_st1040_I20190627_R20200109_BECU_IOP-CTD-u01.csv";"st1040";69.61363;-133.33506;"2019-06-27 21:41:00";"2019-06-27 15:41:00";0;101.93;0.0698903283480252;NA;"TUKTOYAKTUK A"
85;"Nunataryuk_WP4-2_st1050_I20190627_R20200109_BECU_IOP-CTD-d01.csv";"st1050";69.57692;-133.36053;"2019-06-27 22:35:00";"2019-06-27 16:35:00";1;101.92;0.0693005026322346;NA;"TUKTOYAKTUK A"
86;"Nunataryuk_WP4-2_st1050_I20190627_R20200109_BECU_IOP-CTD-u01.csv";"st1050";69.57692;-133.36053;"2019-06-27 22:35:00";"2019-06-27 16:35:00";0;101.92;0.0693005026322346;NA;"TUKTOYAKTUK A"
87;"Nunataryuk_WP4-2_st1060_I20190627_R20200109_BECU_IOP-CTD-d01.csv";"st1060";69.47802;-133.42993;"2019-06-27 23:05:00";"2019-06-27 17:05:00";1;101.92;0.0693005026322346;NA;"TUKTOYAKTUK A"
88;"Nunataryuk_WP4-2_st1060_I20190627_R20200109_BECU_IOP-CTD-u01.csv";"st1060";69.47802;-133.42993;"2019-06-27 23:05:00";"2019-06-27 17:05:00";0;101.92;0.0693005026322346;NA;"TUKTOYAKTUK A"
89;"Nunataryuk_WP4-2_st310_I20190619_R20200109_BECU_IOP-CTD-d01.csv";"st310";69.38691;-137.79284;"2019-06-19 18:05:00";"2019-06-19 12:05:00";1;101.44;0.0409888682742778;NA;"SHINGLE POINT A"
90;"Nunataryuk_WP4-2_st320_I20190619_R20200109_BECU_IOP-CTD-d01.csv";"st320";69.29561;-137.39893;"2019-06-19 17:43:00";"2019-06-19 11:43:00";1;101.44;0.0409888682742778;NA;"SHINGLE POINT A"
91;"Nunataryuk_WP4-2_st330_I20190619_R20200109_BECU_IOP-CTD-d01.csv";"st330";69.20589;-137.01479;"2019-06-19 17:17:00";"2019-06-19 11:17:00";1;101.38;0.0374499139795317;NA;"SHINGLE POINT A"
92;"Nunataryuk_WP4-2_st340-alt_I20190621_R20200109_BECU_IOP-CTD-d01.csv";"st340-alt";69.15125;-136.85497;"2019-06-21 19:11:00";"2019-06-21 13:11:00";1;101.02;0.0162161882110636;NA;"SHINGLE POINT A"
93;"Nunataryuk_WP4-2_st350_I20190619_R20200109_BECU_IOP-CTD-d01.csv";"st350";69.11314;-136.79714;"2019-06-19 16:05:00";"2019-06-19 10:05:00";1;101.36;0.0362702625479505;NA;"SHINGLE POINT A"
94;"Nunataryuk_WP4-2_st350_I20190619_R20200109_BECU_IOP-CTD-d02.csv";"st350";69.11314;-136.79714;"2019-06-19 16:05:00";"2019-06-19 10:05:00";1;101.36;0.0362702625479505;NA;"SHINGLE POINT A"
95;"Nunataryuk_WP4-2_st350_I20190619_R20200109_BECU_IOP-CTD-d03.csv";"st350";69.11314;-136.79714;"2019-06-19 16:05:00";"2019-06-19 10:05:00";1;101.36;0.0362702625479505;NA;"SHINGLE POINT A"
96;"Nunataryuk_WP4-2_st360_I20190618_R20200109_BECU_IOP-CTD-d02.csv";"st360";68.99738;-136.48601;"2019-06-18 19:43:00";"2019-06-18 13:43:00";1;101.15;0.0238839225163439;NA;"SHINGLE POINT A"
97;"Nunataryuk_WP4-2_st360_I20190618_R20200109_BECU_IOP-CTD-d03.csv";"st360";68.99738;-136.48601;"2019-06-18 19:43:00";"2019-06-18 13:43:00";1;101.15;0.0238839225163439;NA;"SHINGLE POINT A"
98;"Nunataryuk_WP4-2_st370_I20190618_R20200109_BECU_IOP-CTD-d01.csv";"st370";68.95295;-136.25716;"2019-06-18 20:03:00";"2019-06-18 14:03:00";1;101.15;0.0238839225163439;NA;"SHINGLE POINT A"
99;"Nunataryuk_WP4-2_st380-alt_I20190618_R20200109_BECU_IOP-CTD-d03.csv";"st380-alt";68.86431;-135.8189;"2019-06-18 16:00:00";"2019-06-18 10:00:00";1;101.08;0.0197551425058089;NA;"SHINGLE POINT A"
100;"Nunataryuk_WP4-2_st380-alt_I20190618_R20200109_BECU_IOP-CTD-d04.csv";"st380-alt";68.86431;-135.8189;"2019-06-18 16:00:00";"2019-06-18 10:00:00";1;101.08;0.0197551425058089;NA;"SHINGLE POINT A"
101;"Nunataryuk_WP4-2_st420_I20190621_R20200109_BECU_IOP-CTD-d01.csv";"st420";69.37809;-137.09689;"2019-06-21 17:34:00";"2019-06-21 11:34:00";1;101.08;0.0197551425058089;NA;"SHINGLE POINT A"
102;"Nunataryuk_WP4-2_st430_I20190621_R20200109_BECU_IOP-CTD-d01.csv";"st430";69.32647;-136.77635;"2019-06-21 17:18:00";"2019-06-21 11:18:00";1;101.13;0.0227042710847627;NA;"SHINGLE POINT A"
103;"Nunataryuk_WP4-2_st450_I20190618_R20200109_BECU_IOP-CTD-d01.csv";"st450";69.16464;-136.48641;"2019-06-18 21:46:00";"2019-06-18 15:46:00";1;101.18;0.0256533996637165;NA;"SHINGLE POINT A"
104;"Nunataryuk_WP4-2_st530_I20190621_R20200109_BECU_IOP-CTD-d01.csv";"st530";69.38986;-136.44179;"2019-06-21 16:45:00";"2019-06-21 10:45:00";1;101.13;0.0227042710847627;NA;"SHINGLE POINT A"
105;"Nunataryuk_WP4-2_st540-alt_I20190621_R20200109_BECU_IOP-CTD-d01.csv";"st540-alt";69.28942;-136.32175;"2019-06-21 17:01:00";"2019-06-21 11:01:00";1;101.13;0.0227042710847627;NA;"SHINGLE POINT A"
106;"Nunataryuk_WP4-2_st550_I20190621_R20200109_BECU_IOP-CTD-d01.csv";"st550";69.22626;-136.32775;"2019-06-21 15:18:00";"2019-06-21 09:18:00";1;101.24;0.0291923539584618;NA;"SHINGLE POINT A"
107;"Nunataryuk_WP4-2_st565_I20190621_R20200109_BECU_IOP-CTD-d01.csv";"st565";69.36257;-135.88754;"2019-06-21 19:33:00";"2019-06-21 13:33:00";1;100.96;0.0126772339163201;NA;"SHINGLE POINT A"
108;"Nunataryuk_WP4-2_st620_I20190627_R20200109_BECU_IOP-CTD-d01.csv";"st620";69.47458;-133.72744;"2019-06-27 19:46:00";"2019-06-27 13:46:00";1;101.98;0.072839456926979;NA;"TUKTOYAKTUK A"
109;"Nunataryuk_WP4-2_st620_I20190627_R20200109_BECU_IOP-CTD-u01.csv";"st620";69.47458;-133.72744;"2019-06-27 19:46:00";"2019-06-27 13:46:00";0;101.98;0.072839456926979;NA;"TUKTOYAKTUK A"
110;"Nunataryuk_WP4-2_st630_I20190627_R20200109_BECU_IOP-CTD-d01.csv";"st630";69.44676;-133.80917;"2019-06-27 19:27:00";"2019-06-27 13:27:00";1;102;0.0740191083585611;NA;"TUKTOYAKTUK A"
111;"Nunataryuk_WP4-2_st630_I20190627_R20200109_BECU_IOP-CTD-u01.csv";"st630";69.44676;-133.80917;"2019-06-27 19:27:00";"2019-06-27 13:27:00";0;102;0.0740191083585611;NA;"TUKTOYAKTUK A"
112;"Nunataryuk_WP4-2_st740_I20190627_R20200109_BECU_IOP-CTD-d01.csv";"st740";69.4017;-133.85444;"2019-06-27 17:15:00";"2019-06-27 11:15:00";1;102.04;0.0763784112217243;NA;"TUKTOYAKTUK A"
113;"Nunataryuk_WP4-2_st740_I20190627_R20200109_BECU_IOP-CTD-u01.csv";"st740";69.4017;-133.85444;"2019-06-27 17:15:00";"2019-06-27 11:15:00";0;102.04;0.0763784112217243;NA;"TUKTOYAKTUK A"
114;"Nunataryuk_WP4-2_st800_I20190624_R20200109_BECU_IOP-CTD-d01.csv";"st800";69.59377;-133.44488;"2019-06-24 15:18:00";"2019-06-24 09:18:00";1;101.48;0.0433481711374402;NA;"TUKTOYAKTUK A"
115;"Nunataryuk_WP4-2_st800_I20190624_R20200109_BECU_IOP-CTD-d02.csv";"st800";69.59377;-133.44488;"2019-06-24 15:18:00";"2019-06-24 09:18:00";1;101.48;0.0433481711374402;NA;"TUKTOYAKTUK A"
116;"Nunataryuk_WP4-2_st800_I20190624_R20200109_BECU_IOP-CTD-u01.csv";"st800";69.59377;-133.44488;"2019-06-24 15:18:00";"2019-06-24 09:18:00";0;101.48;0.0433481711374402;NA;"TUKTOYAKTUK A"
117;"Nunataryuk_WP4-2_st800_I20190624_R20200109_BECU_IOP-CTD-u02.csv";"st800";69.59377;-133.44488;"2019-06-24 15:18:00";"2019-06-24 09:18:00";0;101.48;0.0433481711374402;NA;"TUKTOYAKTUK A"
118;"Nunataryuk_WP4-2_st810_I20190624_R20200109_BECU_IOP-CTD-d01.csv";"st810";69.53572;-133.42375;"2019-06-24 16:05:00";"2019-06-24 10:05:00";1;101.47;0.0427583454216496;NA;"TUKTOYAKTUK A"
119;"Nunataryuk_WP4-2_st810_I20190624_R20200109_BECU_IOP-CTD-u01.csv";"st810";69.53572;-133.42375;"2019-06-24 16:05:00";"2019-06-24 10:05:00";0;101.47;0.0427583454216496;NA;"TUKTOYAKTUK A"
120;"Nunataryuk_WP4-2_st820_I20190624_R20200109_BECU_IOP-CTD-d01.csv";"st820";69.48537;-133.54258;"2019-06-24 16:40:00";"2019-06-24 10:40:00";0;101.44;0.0409888682742778;NA;"TUKTOYAKTUK A"
121;"Nunataryuk_WP4-2_st820_I20190624_R20200109_BECU_IOP-CTD-u01.csv";"st820";69.48537;-133.54258;"2019-06-24 16:40:00";"2019-06-24 10:40:00";0;101.44;0.0409888682742778;NA;"TUKTOYAKTUK A"
122;"Nunataryuk_WP4-2_st830_I20190627_R20200109_BECU_IOP-CTD-d01.csv";"st830";69.43216;-133.65676;"2019-06-27 18:57:00";"2019-06-27 12:57:00";1;102;0.0740191083585611;NA;"TUKTOYAKTUK A"
123;"Nunataryuk_WP4-2_st830_I20190627_R20200109_BECU_IOP-CTD-u01.csv";"st830";69.43216;-133.65676;"2019-06-27 18:57:00";"2019-06-27 12:57:00";0;102;0.0740191083585611;NA;"TUKTOYAKTUK A"
124;"Nunataryuk_WP4-2_st840_I20190627_R20200109_BECU_IOP-CTD-d01.csv";"st840";69.39762;-133.80963;"2019-06-27 17:42:00";"2019-06-27 11:42:00";1;102.02;0.0751987597901422;NA;"TUKTOYAKTUK A"
125;"Nunataryuk_WP4-2_st840_I20190627_R20200109_BECU_IOP-CTD-u01.csv";"st840";69.39762;-133.80963;"2019-06-27 17:42:00";"2019-06-27 11:42:00";0;102.02;0.0751987597901422;NA;"TUKTOYAKTUK A"
126;"Nunataryuk_WP4-2_st850_I20190627_R20200109_BECU_IOP-CTD-d01.csv";"st850";69.36778;-133.89382;"2019-06-27 16:50:00";"2019-06-27 10:50:00";1;102.04;0.0763784112217243;NA;"TUKTOYAKTUK A"
127;"Nunataryuk_WP4-2_st850_I20190627_R20200109_BECU_IOP-CTD-u01.csv";"st850";69.36778;-133.89382;"2019-06-27 16:50:00";"2019-06-27 10:50:00";0;102.04;0.0763784112217243;NA;"TUKTOYAKTUK A"
128;"Nunataryuk_WP4-2_st860_I20190627_R20200109_BECU_IOP-CTD-d01.csv";"st860";69.35382;-133.92697;"2019-06-27 16:27:00";"2019-06-27 10:27:00";1;102.08;0.0787377140848866;NA;"TUKTOYAKTUK A"
129;"Nunataryuk_WP4-2_st860_I20190627_R20200109_BECU_IOP-CTD-u01.csv";"st860";69.35382;-133.92697;"2019-06-27 16:27:00";"2019-06-27 10:27:00";0;102.08;0.0787377140848866;NA;"TUKTOYAKTUK A"
130;"Nunataryuk_WP4-2_st870_I20190627_R20200109_BECU_IOP-CTD-d01.csv";"st870";69.28391;-133.96839;"2019-06-27 15:27:00";"2019-06-27 09:27:00";1;102.1;0.0799173655164678;NA;"TUKTOYAKTUK A"
131;"Nunataryuk_WP4-2_st870_I20190627_R20200109_BECU_IOP-CTD-u01.csv";"st870";69.28391;-133.96839;"2019-06-27 15:27:00";"2019-06-27 09:27:00";0;102.1;0.0799173655164678;NA;"TUKTOYAKTUK A"
132;"Nunataryuk_WP4-2_st999_I20190628_R20200109_BECU_IOP-CTD-d01.csv";"st999";69.44687;-133.03141;"2019-06-28 15:37:00";"2019-06-28 09:37:00";1;102.03;0.0757885855059328;NA;"TUKTOYAKTUK A"
133;"Nunataryuk_WP4-2_st999_I20190628_R20200109_BECU_IOP-CTD-u01.csv";"st999";69.44687;-133.03141;"2019-06-28 15:37:00";"2019-06-28 09:37:00";0;102.03;0.0757885855059328;NA;"TUKTOYAKTUK A"
134;"Nunataryuk_WP4-3_st010_I20190802_R20200109_BECU_IOP-CTD-d01.csv";"st010";69.45458;-133.14795;"2019-08-02 19:37:00";"2019-08-02 13:37:00";1;101.34;0.0350906111163694;NA;"TUKTOYAKTUK A"
135;"Nunataryuk_WP4-3_st020_I20190802_R20200109_BECU_IOP-CTD-d01.csv";"st020";69.41669;-133.51731;"2019-08-02 14:05:00";"2019-08-02 08:05:00";1;101.38;0.0374499139795317;NA;"TUKTOYAKTUK A"
136;"Nunataryuk_WP4-3_st030_I20190802_R20200109_BECU_IOP-CTD-d01.csv";"st030";69.39848;-133.64349;"2019-08-02 13:10:00";"2019-08-02 07:10:00";1;101.34;0.0350906111163694;NA;"TUKTOYAKTUK A"
137;"Nunataryuk_WP4-3_st040_I20190802_R20200109_BECU_IOP-CTD-d01.csv";"st040";69.36262;-133.73505;"2019-08-02 12:46:00";"2019-08-02 06:46:00";1;101.34;0.0350906111163694;NA;"TUKTOYAKTUK A"
138;"Nunataryuk_WP4-3_st1030_I20190802_R20200109_BECU_IOP-CTD-d01.csv";"st1030";69.64782;-133.21743;"2019-08-02 16:42:00";"2019-08-02 10:42:00";1;101.36;0.0362702625479505;NA;"TUKTOYAKTUK A"
139;"Nunataryuk_WP4-3_st1040_I20190802_R20200109_BECU_IOP-CTD-d01.csv";"st1040";69.61379;-133.33399;"2019-08-02 17:17:00";"2019-08-02 11:17:00";1;101.36;0.0362702625479505;NA;"TUKTOYAKTUK A"
140;"Nunataryuk_WP4-3_st1050_I20190802_R20200109_BECU_IOP-CTD-d01.csv";"st1050";69.57649;-133.36045;"2019-08-02 17:59:00";"2019-08-02 11:59:00";1;101.38;0.0374499139795317;NA;"TUKTOYAKTUK A"
141;"Nunataryuk_WP4-3_st1060_I20190802_R20200109_BECU_IOP-CTD-d01.csv";"st1060";69.47456;-133.43083;"2019-08-02 19:09:00";"2019-08-02 13:09:00";1;101.35;0.0356804368321599;NA;"TUKTOYAKTUK A"
142;"Nunataryuk_WP4-3_st125_I20190728_R20200109_BECU_IOP-CTD-d01.csv";"st125";69.12919;-137.80598;"2019-07-28 09:17:00";"2019-07-28 03:17:00";1;100.3;-0.0262512633258716;NA;"SHINGLE POINT A"
143;"Nunataryuk_WP4-3_st130_I20190728_R20200109_BECU_IOP-CTD-d01.csv";"st130";69.07138;-137.46127;"2019-07-28 07:56:00";"2019-07-28 01:56:00";1;100.31;-0.025661437610081;NA;"SHINGLE POINT A"
144;"Nunataryuk_WP4-3_st135_I20190728_R20200109_BECU_IOP-CTD-d01.csv";"st135";69.03968;-137.38966;"2019-07-28 10:49:00";"2019-07-28 04:49:00";1;100.34;-0.0238919604627084;NA;"SHINGLE POINT A"
145;"Nunataryuk_WP4-3_st140-alt_I20190726_R20200109_BECU_IOP-CTD-d01.csv";"st140-alt";69.01895;-137.32937;"2019-07-26 18:59:00";"2019-07-26 12:59:00";1;100.23;-0.0303800433364074;NA;"SHINGLE POINT A"
146;"Nunataryuk_WP4-3_st140-alt_I20190726_R20200109_BECU_IOP-CTD-u01.csv";"st140-alt";69.01895;-137.32937;"2019-07-26 18:59:00";"2019-07-26 12:59:00";0;100.23;-0.0303800433364074;NA;"SHINGLE POINT A"
147;"Nunataryuk_WP4-3_st150-alt_I20190726_R20200109_BECU_IOP-CTD-d01.csv";"st150-alt";68.9879;-137.04242;"2019-07-26 18:15:00";"2019-07-26 12:15:00";1;100.23;-0.0303800433364074;NA;"SHINGLE POINT A"
148;"Nunataryuk_WP4-3_st150-alt_I20190726_R20200109_BECU_IOP-CTD-u01.csv";"st150-alt";68.9879;-137.04242;"2019-07-26 18:15:00";"2019-07-26 12:15:00";0;100.23;-0.0303800433364074;NA;"SHINGLE POINT A"
149;"Nunataryuk_WP4-3_st330_I20190728_R20200109_BECU_IOP-CTD-d01.csv";"st330";69.2044;-137.01046;"2019-07-28 07:04:00";"2019-07-28 01:04:00";1;100.32;-0.0250716118942904;NA;"SHINGLE POINT A"
150;"Nunataryuk_WP4-3_st340-alt_I20190728_R20200109_BECU_IOP-CTD-d01.csv";"st340-alt";69.15125;-136.86346;"2019-07-28 06:31:00";"2019-07-28 00:31:00";1;100.32;-0.0250716118942904;NA;"SHINGLE POINT A"
151;"Nunataryuk_WP4-3_st350_I20190728_R20200109_BECU_IOP-CTD-d01.csv";"st350";69.11094;-136.79286;"2019-07-28 06:06:00";"2019-07-28 00:06:00";1;100.32;-0.0250716118942904;NA;"SHINGLE POINT A"
152;"Nunataryuk_WP4-3_st350_I20190728_R20200109_BECU_IOP-CTD-u01.csv";"st350";69.11094;-136.79286;"2019-07-28 06:06:00";"2019-07-28 00:06:00";0;100.32;-0.0250716118942904;NA;"SHINGLE POINT A"
153;"Nunataryuk_WP4-3_st360_I20190726_R20200109_BECU_IOP-CTD-d01.csv";"st360";68.99806;-136.48368;"2019-07-26 17:13:00";"2019-07-26 11:13:00";1;100.22;-0.030969869052198;NA;"SHINGLE POINT A"
154;"Nunataryuk_WP4-3_st360_I20190726_R20200109_BECU_IOP-CTD-u01.csv";"st360";68.99806;-136.48368;"2019-07-26 17:13:00";"2019-07-26 11:13:00";0;100.22;-0.030969869052198;NA;"SHINGLE POINT A"
155;"Nunataryuk_WP4-3_st370-alt_I20190726_R20200109_BECU_IOP-CTD-d01.csv";"st370-alt";68.95329;-136.25914;"2019-07-26 16:36:00";"2019-07-26 10:36:00";1;100.22;-0.030969869052198;NA;"SHINGLE POINT A"
156;"Nunataryuk_WP4-3_st370-alt_I20190726_R20200109_BECU_IOP-CTD-u01.csv";"st370-alt";68.95329;-136.25914;"2019-07-26 16:36:00";"2019-07-26 10:36:00";0;100.22;-0.030969869052198;NA;"SHINGLE POINT A"
157;"Nunataryuk_WP4-3_st380_I20190726_R20200109_BECU_IOP-CTD-d01.csv";"st380";68.83397;-135.82174;"2019-07-26 15:36:00";"2019-07-26 09:36:00";1;100.22;-0.030969869052198;NA;"SHINGLE POINT A"
158;"Nunataryuk_WP4-3_st380_I20190726_R20200109_BECU_IOP-CTD-u01.csv";"st380";68.83397;-135.82174;"2019-07-26 15:36:00";"2019-07-26 09:36:00";0;100.22;-0.030969869052198;NA;"SHINGLE POINT A"
159;"Nunataryuk_WP4-3_st740_I20190802_R20200109_BECU_IOP-CTD-d01.csv";"st740";69.4026;-133.85019;"2019-08-02 11:37:00";"2019-08-02 05:37:00";1;101.31;0.0333211339689967;NA;"TUKTOYAKTUK A"
160;"Nunataryuk_WP4-3_st800_I20190802_R20200109_BECU_IOP-CTD-d01.csv";"st800";69.59645;-133.44236;"2019-08-02 17:39:00";"2019-08-02 11:39:00";1;101.38;0.0374499139795317;NA;"TUKTOYAKTUK A"
161;"Nunataryuk_WP4-3_st810_I20190802_R20200109_BECU_IOP-CTD-d01.csv";"st810";69.53528;-133.41529;"2019-08-02 18:21:00";"2019-08-02 12:21:00";1;101.38;0.0374499139795317;NA;"TUKTOYAKTUK A"
162;"Nunataryuk_WP4-3_st820_I20190802_R20200109_BECU_IOP-CTD-d01.csv";"st820";69.48587;-133.54485;"2019-08-02 18:48:00";"2019-08-02 12:48:00";1;101.35;0.0356804368321599;NA;"TUKTOYAKTUK A"
163;"Nunataryuk_WP4-3_st830_I20190802_R20200109_BECU_IOP-CTD-d01.csv";"st830";69.43292;-133.65812;"2019-08-02 13:30:00";"2019-08-02 07:30:00";1;101.38;0.0374499139795317;NA;"TUKTOYAKTUK A"
164;"Nunataryuk_WP4-3_st840_I20190802_R20200109_BECU_IOP-CTD-d01.csv";"st840";69.39808;-133.80914;"2019-08-02 12:02:00";"2019-08-02 06:02:00";1;101.31;0.0333211339689967;NA;"TUKTOYAKTUK A"
165;"Nunataryuk_WP4-3_st850_I20190802_R20200109_BECU_IOP-CTD-d01.csv";"st850";69.36752;-133.89292;"2019-08-02 11:07:00";"2019-08-02 05:07:00";1;101.27;0.0309618311058335;NA;"TUKTOYAKTUK A"
166;"Nunataryuk_WP4-3_st860_I20190802_R20200109_BECU_IOP-CTD-d01.csv";"st860";69.35354;-133.92641;"2019-08-02 10:42:00";"2019-08-02 04:42:00";1;101.27;0.0309618311058335;NA;"TUKTOYAKTUK A"
167;"Nunataryuk_WP4-3_st870_I20190802_R20200109_BECU_IOP-CTD-d01.csv";"st870";69.28448;-133.96856;"2019-08-02 09:52:00";"2019-08-02 03:52:00";1;101.21;0.0274228768110891;NA;"TUKTOYAKTUK A"
168;"Nunataryuk_WP4-3_stR01_I20190729_R20200109_BECU_IOP-CTD-d01.csv";"stR01";68.75653;-135.87326;"2019-07-30 01:02:00";"2019-07-29 19:02:00";1;100.7;-0.00265823469424031;NA;"SHINGLE POINT A"
169;"Nunataryuk_WP4-3_stR02_I20190729_R20200109_BECU_IOP-CTD-d01.csv";"stR02";68.60859;-135.74576;"2019-07-30 01:39:00";"2019-07-29 19:39:00";1;101.19;0.0262432253795071;NA;"AKLAVIK A"
170;"Nunataryuk_WP4-3_stR03_I20190729_R20200109_BECU_IOP-CTD-d01.csv";"stR03";68.39022;-135.42656;"2019-07-30 02:43:00";"2019-07-29 20:43:00";1;101.18;0.0256533996637165;NA;"AKLAVIK A"
171;"Nunataryuk_WP4-3_stR04_I20190729_R20200109_BECU_IOP-CTD-d01.csv";"stR04";68.26666;-135.10016;"2019-07-30 03:26:00";"2019-07-29 21:26:00";1;101.18;0.0256533996637165;NA;"AKLAVIK A"
172;"Nunataryuk_WP4-3_stR05_I20190729_R20200109_BECU_IOP-CTD-d01.csv";"stR05";68.26783;-134.83615;"2019-07-29 16:29:00";"2019-07-29 10:29:00";1;101.2;0.0268330510952985;NA;"AKLAVIK A"
173;"Nunataryuk_WP4-3_stR06_I20190729_R20200109_BECU_IOP-CTD-d01.csv";"stR06";68.31478;-134.70374;"2019-07-29 16:56:00";"2019-07-29 10:56:00";1;101.21;0.0274228768110891;NA;"AKLAVIK A"
174;"Nunataryuk_WP4-3_stR07_I20190729_R20200109_BECU_IOP-CTD-d01.csv";"stR07";68.34981;-134.66971;"2019-07-29 17:19:00";"2019-07-29 11:19:00";1;101.21;0.0274228768110891;NA;"AKLAVIK A"
175;"Nunataryuk_WP4-3_stR08_I20190729_R20200109_BECU_IOP-CTD-d01.csv";"stR08";68.44618;-134.49945;"2019-07-29 17:44:00";"2019-07-29 11:44:00";1;101.25;0.0297821796742523;NA;"AKLAVIK A"
176;"Nunataryuk_WP4-3_stR09_I20190729_R20200109_BECU_IOP-CTD-d01.csv";"stR09";68.47059;-134.09022;"2019-07-29 18:25:00";"2019-07-29 12:25:00";1;100.02;-0.0427663833680141;NA;"INUVIK CLIMATE"
177;"Nunataryuk_WP4-3_stR10_I20190729_R20200109_BECU_IOP-CTD-d01.csv";"stR10";68.5004;-134.00767;"2019-07-29 19:05:00";"2019-07-29 13:05:00";1;100.03;-0.0421765576522226;NA;"INUVIK CLIMATE"
178;"Nunataryuk_WP4-3_stR11_I20190729_R20200109_BECU_IOP-CTD-d01.csv";"stR11";68.48715;-133.9246;"2019-07-29 19:26:00";"2019-07-29 13:26:00";1;100.03;-0.0421765576522226;NA;"INUVIK CLIMATE"
179;"Nunataryuk_WP4-3_stR12_I20190729_R20200109_BECU_IOP-CTD-d01.csv";"stR12";68.42444;-133.82076;"2019-07-29 19:46:00";"2019-07-29 13:46:00";1;100.03;-0.0421765576522226;NA;"INUVIK CLIMATE"
180;"Nunataryuk_WP4-4_st010_I20190906_R20200109_BECU_IOP-CTD-d01.csv";"st010";69.45651;-133.147;"2019-09-06 18:11:00";"2019-09-06 12:11:00";1;102.03;0.0757885855059328;NA;"TUKTOYAKTUK A"
181;"Nunataryuk_WP4-4_st020_I20190906_R20200109_BECU_IOP-CTD-d01.csv";"st020";69.41588;-133.52;"2019-09-06 17:34:00";"2019-09-06 11:34:00";1;102.03;0.0757885855059328;NA;"TUKTOYAKTUK A"
182;"Nunataryuk_WP4-4_st030_I20190906_R20200109_BECU_IOP-CTD-d01.csv";"st030";69.39579;-133.641;"2019-09-06 17:10:00";"2019-09-06 11:10:00";1;102.04;0.0763784112217243;NA;"TUKTOYAKTUK A"
183;"Nunataryuk_WP4-4_st040_I20190906_R20200109_BECU_IOP-CTD-d01.csv";"st040";69.36171;-133.74;"2019-09-06 16:49:00";"2019-09-06 10:49:00";1;102.04;0.0763784112217243;NA;"TUKTOYAKTUK A"
184;"Nunataryuk_WP4-4_st1030_I20190905_R20200109_BECU_IOP-CTD-d01.csv";"st1030";69.6484;-133.221;"2019-09-05 16:23:00";"2019-09-05 10:23:00";1;101.77;0.0604531168953724;NA;"TUKTOYAKTUK A"
185;"Nunataryuk_WP4-4_st1040_I20190905_R20200109_BECU_IOP-CTD-d01.csv";"st1040";69.61528;-133.334;"2019-09-05 17:40:00";"2019-09-05 11:40:00";1;101.85;0.0651717226216988;NA;"TUKTOYAKTUK A"
186;"Nunataryuk_WP4-4_st1050_I20190905_R20200109_BECU_IOP-CTD-d01.csv";"st1050";69.57647;-133.359;"2019-09-05 18:41:00";"2019-09-05 12:41:00";1;101.9;0.0681208512006535;NA;"TUKTOYAKTUK A"
187;"Nunataryuk_WP4-4_st120_I20190829_R20200109_BECU_IOP-CTD-d01.csv";"st120";69.181;-137.8048;"2019-08-29 19:21:00";"2019-08-29 13:21:00";1;101.68;0.0551446854532554;NA;"SHINGLE POINT A"
188;"Nunataryuk_WP4-4_st125_I20190829_R20200109_BECU_IOP-CTD-d01.csv";"st125";69.12931;-137.8043;"2019-08-29 20:03:00";"2019-08-29 14:03:00";1;101.67;0.0545548597374648;NA;"SHINGLE POINT A"
189;"Nunataryuk_WP4-4_st125_I20190829_R20200109_BECU_IOP-CTD-d02.csv";"st125";69.12931;-137.8043;"2019-08-29 20:03:00";"2019-08-29 14:03:00";1;101.67;0.0545548597374648;NA;"SHINGLE POINT A"
190;"Nunataryuk_WP4-4_st130_I20190829_R20200109_BECU_IOP-CTD-d01.csv";"st130";69.06973;-137.44983;"2019-08-29 20:59:00";"2019-08-29 14:59:00";1;101.66;0.0539650340216742;NA;"SHINGLE POINT A"
191;"Nunataryuk_WP4-4_st135_I20190829_R20200109_BECU_IOP-CTD-d01.csv";"st135";69.03886;-137.39052;"2019-08-29 21:27:00";"2019-08-29 15:27:00";1;101.66;0.0539650340216742;NA;"SHINGLE POINT A"
192;"Nunataryuk_WP4-4_st140-alt-s_I20190829_R20200109_BECU_IOP-CTD-d01.csv";"st140-alt2";69.01881;-137.32701;"2019-08-29 21:50:00";"2019-08-29 15:50:00";1;101.66;0.0539650340216742;NA;"SHINGLE POINT A"
193;"Nunataryuk_WP4-4_st140-alt_I20190829_R20200109_BECU_IOP-CTD-d01.csv";"st140-alt";69.02058;-137.32374;"2019-08-29 15:36:00";"2019-08-29 09:36:00";1;101.69;0.0557345111690459;NA;"SHINGLE POINT A"
194;"Nunataryuk_WP4-4_st150-alt_I20190830_R20200109_BECU_IOP-CTD-d01.csv";"st150-alt";68.98512;-137.0368;"2019-08-30 16:25:00";"2019-08-30 10:25:00";1;101.87;0.06635137405328;NA;"SHINGLE POINT A"
195;"Nunataryuk_WP4-4_st330_I20190829_R20200109_BECU_IOP-CTD-d01.csv";"st330";69.20558;-137.00621;"2019-08-29 18:09:00";"2019-08-29 12:09:00";1;101.68;0.0551446854532554;NA;"SHINGLE POINT A"
196;"Nunataryuk_WP4-4_st340-alt_I20190829_R20200109_BECU_IOP-CTD-d01.csv";"st340-alt";69.15173;-136.85726;"2019-08-29 16:56:00";"2019-08-29 10:56:00";1;101.68;0.0551446854532554;NA;"SHINGLE POINT A"
197;"Nunataryuk_WP4-4_st350_I20190829_R20200109_BECU_IOP-CTD-d01.csv";"st350";69.11001;-136.78836;"2019-08-29 16:29:00";"2019-08-29 10:29:00";1;101.69;0.0557345111690459;NA;"SHINGLE POINT A"
198;"Nunataryuk_WP4-4_st360_I20190830_R20200109_BECU_IOP-CTD-d01.csv";"st360";68.99739;-136.47781;"2019-08-30 17:16:00";"2019-08-30 11:16:00";1;101.88;0.0669411997690714;NA;"SHINGLE POINT A"
199;"Nunataryuk_WP4-4_st370_I20190830_R20200109_BECU_IOP-CTD-d01.csv";"st370";68.95336;-136.25129;"2019-08-30 18:46:00";"2019-08-30 12:46:00";1;101.9;0.0681208512006535;NA;"SHINGLE POINT A"
200;"Nunataryuk_WP4-4_st380-alt_I20190830_R20200109_BECU_IOP-CTD-d01.csv";"st380-alt";68.86289;-135.83269;"2019-08-30 19:31:00";"2019-08-30 13:31:00";1;101.87;0.06635137405328;NA;"SHINGLE POINT A"
201;"Nunataryuk_WP4-4_st740_I20190905_R20200109_BECU_IOP-CTD-d01.csv";"st740";69.40335;-133.85;"2019-09-05 22:42:00";"2019-09-05 16:42:00";1;102;0.0740191083585611;NA;"TUKTOYAKTUK A"
202;"Nunataryuk_WP4-4_st800_I20190905_R20200109_BECU_IOP-CTD-d01.csv";"st800";69.597;-133.442;"2019-09-05 18:16:00";"2019-09-05 12:16:00";1;101.85;0.0651717226216988;NA;"TUKTOYAKTUK A"
203;"Nunataryuk_WP4-4_st810_I20190905_R20200109_BECU_IOP-CTD-d01.csv";"st810";69.53506;-133.415;"2019-09-05 19:06:00";"2019-09-05 13:06:00";1;101.9;0.0681208512006535;NA;"TUKTOYAKTUK A"
204;"Nunataryuk_WP4-4_st820_I20190905_R20200109_BECU_IOP-CTD-d01.csv";"st820";69.48663;-133.542;"2019-09-05 20:12:00";"2019-09-05 14:12:00";1;101.94;0.0704801540638167;NA;"TUKTOYAKTUK A"
205;"Nunataryuk_WP4-4_st830_I20190905_R20200109_BECU_IOP-CTD-d01.csv";"st830";69.43236;-133.656;"2019-09-05 20:39:00";"2019-09-05 14:39:00";1;101.96;0.0716598054953979;NA;"TUKTOYAKTUK A"
206;"Nunataryuk_WP4-4_st840-2_I20190906_R20200109_BECU_IOP-CTD-d01.csv";"st840-2";69.39853;-133.81;"2019-09-06 16:17:00";"2019-09-06 10:17:00";1;102.06;0.0775580626533055;NA;"TUKTOYAKTUK A"
207;"Nunataryuk_WP4-4_st840_I20190905_R20200109_BECU_IOP-CTD-d01.csv";"st840";69.39854;-133.809;"2019-09-05 21:46:00";"2019-09-05 15:46:00";1;101.98;0.072839456926979;NA;"TUKTOYAKTUK A"
208;"Nunataryuk_WP4-4_st850_I20190906_R20200109_BECU_IOP-CTD-d01.csv";"st850";69.36811;-133.894;"2019-09-06 15:49:00";"2019-09-06 09:49:00";1;102.06;0.0775580626533055;NA;"TUKTOYAKTUK A"
209;"Nunataryuk_WP4-4_st860_I20190906_R20200109_BECU_IOP-CTD-d01.csv";"st860";69.35435;-133.928;"2019-09-06 15:32:00";"2019-09-06 09:32:00";1;102.06;0.0775580626533055;NA;"TUKTOYAKTUK A"
210;"Nunataryuk_WP4-4_st870_I20190906_R20200109_BECU_IOP-CTD-d01.csv";"st870";69.2824;-133.97;"2019-09-06 14:25:00";"2019-09-06 08:25:00";1;102.08;0.0787377140848866;NA;"TUKTOYAKTUK A"
211;"Nunataryuk_WP4-4_stR01_I20190830_R20200109_BECU_IOP-CTD-d01.csv";"stR01";68.75847;-135.87557;"2019-08-30 21:01:00";"2019-08-30 15:01:00";1;101.87;0.06635137405328;NA;"SHINGLE POINT A"
212;"Nunataryuk_WP4-4_stR03_I20190830_R20200109_BECU_IOP-CTD-d01.csv";"stR03";68.39073;-135.42919;"2019-08-30 22:13:00";"2019-08-30 16:13:00";1;102.47;0.101740917000727;NA;"AKLAVIK A"
213;"Nunataryuk_WP4-4_stR04_I20190831_R20200109_BECU_IOP-CTD-d01.csv";"stR04";68.26796;-135.10745;"2019-08-31 16:14:00";"2019-08-31 10:14:00";1;102.28;0.0905342284007027;NA;"AKLAVIK A"
214;"Nunataryuk_WP4-4_stR05_I20190831_R20200109_BECU_IOP-CTD-d01.csv";"stR05";68.26841;-134.8287;"2019-08-31 16:45:00";"2019-08-31 10:45:00";1;102.27;0.0899444026849112;NA;"AKLAVIK A"
215;"Nunataryuk_WP4-4_stR08_I20190831_R20200109_BECU_IOP-CTD-d01.csv";"stR08";68.44654;-134.50134;"2019-08-31 17:35:00";"2019-08-31 11:35:00";1;102.26;0.0893545769691215;NA;"AKLAVIK A"
216;"Nunataryuk_WP4-4_stR09_I20190831_R20200109_BECU_IOP-CTD-d01.csv";"stR09";68.47021;-134.10619;"2019-08-31 18:14:00";"2019-08-31 12:14:00";1;101.1;0.0209347939373901;NA;"INUVIK CLIMATE"
217;"Nunataryuk_WP4-4_stR12_I20190831_R20200109_BECU_IOP-CTD-d01.csv";"stR12";68.42476;-133.82165;"2019-08-31 19:31:00";"2019-08-31 13:31:00";1;101.06;0.0185754910742277;NA;"INUVIK CLIMATE"
218;"Nunataryuk_WP4-4_stTEST-shingle_I20190828_R20200109_BECU_IOP-CTD-d01.csv";"stShingleTest";69;137.33333;"2019-08-28 18:00:00";"2019-08-28 12:00:00";1;101.28;0.031551656821625;"lat/lon not logged, guessed it from GoogleEarth close to Shingle Point - same for time, put it at 12h local time";"SHINGLE POINT A"
