"Time_ms"	"datetime"	"Pres_dbar"	"Temp"	"Sal"	"flag"
0	"2000-01-01 00:00:03.000"	0.041	7.6438	0	FALSE
130	"2000-01-01 00:00:03.125"	0.0414	7.6392	0	FALSE
260	"2000-01-01 00:00:03.250"	0.0419	7.6499	0	FALSE
390	"2000-01-01 00:00:03.375"	0.0419	7.6527	0	FALSE
520	"2000-01-01 00:00:03.500"	0.0416	7.6607	0	FALSE
650	"2000-01-01 00:00:03.625"	0.0414	7.668	0	FALSE
780	"2000-01-01 00:00:03.750"	0.042	7.6819	0	FALSE
910	"2000-01-01 00:00:03.875"	0.0418	7.6929	0	FALSE
1040	"2000-01-01 00:00:04.000"	0.0414	7.7048	0	FALSE
1170	"2000-01-01 00:00:04.125"	0.041	7.7189	0	FALSE
1300	"2000-01-01 00:00:04.250"	0.042	7.7363	0	FALSE
1430	"2000-01-01 00:00:04.375"	0.0425	7.7574	0	FALSE
1560	"2000-01-01 00:00:04.500"	0.0419	7.7782	0	FALSE
1690	"2000-01-01 00:00:04.625"	0.0419	7.8012	0	FALSE
1820	"2000-01-01 00:00:04.750"	0.0418	7.8232	0	FALSE
1950	"2000-01-01 00:00:04.875"	0.0418	7.8472	0	FALSE
2080	"2000-01-01 00:00:05.000"	0.0415	7.8686	0	FALSE
2210	"2000-01-01 00:00:05.125"	0.042	7.885	0	FALSE
2340	"2000-01-01 00:00:05.250"	0.0424	7.8999	0	FALSE
2470	"2000-01-01 00:00:05.375"	0.0418	7.9161	0	FALSE
2600	"2000-01-01 00:00:05.500"	0.0417	7.9275	0	FALSE
2600	"2000-01-01 00:00:05.625"	0.0421	7.9347	0	FALSE
2730	"2000-01-01 00:00:05.750"	0.0416	7.9358	0	FALSE
2860	"2000-01-01 00:00:05.875"	0.042	7.9317	0	FALSE
2990	"2000-01-01 00:00:06.000"	0.0417	7.9248	0	FALSE
3120	"2000-01-01 00:00:06.125"	0.0424	7.9176	0	FALSE
3250	"2000-01-01 00:00:06.250"	0.0423	7.9072	0	FALSE
3380	"2000-01-01 00:00:06.375"	0.0422	7.9019	0	FALSE
3510	"2000-01-01 00:00:06.500"	0.0418	7.8988	0	FALSE
3640	"2000-01-01 00:00:06.625"	0.0419	7.9039	0	FALSE
3770	"2000-01-01 00:00:06.750"	0.0415	7.9198	0	FALSE
3900	"2000-01-01 00:00:06.875"	0.0421	7.9394	0	FALSE
4030	"2000-01-01 00:00:07.000"	0.0415	7.9561	0	FALSE
4160	"2000-01-01 00:00:07.125"	0.0425	7.972	0	FALSE
4290	"2000-01-01 00:00:07.250"	0.041	7.9901	0	FALSE
4420	"2000-01-01 00:00:07.375"	0.0414	8.0042	0	FALSE
4550	"2000-01-01 00:00:07.500"	0.0418	8.0195	0	FALSE
4680	"2000-01-01 00:00:07.625"	0.0413	8.0351	0	FALSE
4810	"2000-01-01 00:00:07.750"	0.0417	8.0561	0	FALSE
4940	"2000-01-01 00:00:07.875"	0.0419	8.0697	0	FALSE
5070	"2000-01-01 00:00:08.000"	0.0419	8.0819	0	FALSE
5200	"2000-01-01 00:00:08.125"	0.0422	8.0972	0	FALSE
5330	"2000-01-01 00:00:08.250"	0.0421	8.1003	0	FALSE
5460	"2000-01-01 00:00:08.375"	0.0422	8.0854	0	FALSE
5590	"2000-01-01 00:00:08.500"	0.0426	8.0695	0	FALSE
5720	"2000-01-01 00:00:08.625"	0.042	8.0566	0	FALSE
5720	"2000-01-01 00:00:08.750"	0.0422	8.049	0	FALSE
5850	"2000-01-01 00:00:08.875"	0.0424	8.0449	0	FALSE
5980	"2000-01-01 00:00:09.000"	0.0421	8.0369	0	FALSE
6110	"2000-01-01 00:00:09.125"	0.0425	8.0286	0	FALSE
6370	"2000-01-01 00:00:09.250"	0.0423	8.0234	0	FALSE
6370	"2000-01-01 00:00:09.375"	0.042	8.018	0	FALSE
6500	"2000-01-01 00:00:09.500"	0.0422	8.0182	0	FALSE
6630	"2000-01-01 00:00:09.625"	0.0425	8.0192	0	FALSE
6760	"2000-01-01 00:00:09.750"	0.0427	8.0183	0	FALSE
6890	"2000-01-01 00:00:09.875"	0.0421	8.0121	0	FALSE
7020	"2000-01-01 00:00:10.000"	0.0427	8.0004	0	FALSE
7150	"2000-01-01 00:00:10.125"	0.0427	7.9895	0	FALSE
7280	"2000-01-01 00:00:10.250"	0.0428	7.9874	0	FALSE
7410	"2000-01-01 00:00:10.375"	0.0419	7.9869	0	FALSE
7540	"2000-01-01 00:00:10.500"	0.0424	7.9885	0	FALSE
7670	"2000-01-01 00:00:10.625"	0.0429	7.9895	0	FALSE
7800	"2000-01-01 00:00:10.750"	0.0429	7.9928	0	FALSE
7930	"2000-01-01 00:00:10.875"	0.0424	7.9939	0	FALSE
8060	"2000-01-01 00:00:11.000"	0.0428	7.9953	0	FALSE
8190	"2000-01-01 00:00:11.125"	0.0429	7.997	0	FALSE
8320	"2000-01-01 00:00:11.250"	0.0433	8.001	0	FALSE
8450	"2000-01-01 00:00:11.375"	0.0428	8.0021	0	FALSE
8580	"2000-01-01 00:00:11.500"	0.0428	8.004	0	FALSE
8710	"2000-01-01 00:00:11.625"	0.0429	8.0039	0	FALSE
8840	"2000-01-01 00:00:11.750"	0.043	8.0033	0	FALSE
8970	"2000-01-01 00:00:11.875"	0.0435	8.0035	0	FALSE
9100	"2000-01-01 00:00:12.000"	0.0431	8.0066	0	FALSE
9230	"2000-01-01 00:00:12.125"	0.0435	8.0039	0	FALSE
9360	"2000-01-01 00:00:12.250"	0.0431	7.9994	0	FALSE
9490	"2000-01-01 00:00:12.375"	0.0438	7.9922	0	FALSE
9490	"2000-01-01 00:00:12.500"	0.0443	7.9853	0	FALSE
9620	"2000-01-01 00:00:12.625"	0.0441	7.9798	0	FALSE
9750	"2000-01-01 00:00:12.750"	0.0445	7.9762	0	FALSE
9880	"2000-01-01 00:00:12.875"	0.0449	7.9737	0	FALSE
10010	"2000-01-01 00:00:13.000"	0.0449	7.9806	0	FALSE
10140	"2000-01-01 00:00:13.125"	0.045	7.9783	0	FALSE
10270	"2000-01-01 00:00:13.250"	0.0448	7.9726	0	FALSE
10400	"2000-01-01 00:00:13.375"	0.0443	7.9671	0	FALSE
10530	"2000-01-01 00:00:13.500"	0.0441	7.9901	0	FALSE
10660	"2000-01-01 00:00:13.625"	0.0446	7.9979	0	FALSE
10790	"2000-01-01 00:00:13.750"	0.0447	8.0094	0	FALSE
10920	"2000-01-01 00:00:13.875"	0.0443	8.0154	0	FALSE
11050	"2000-01-01 00:00:14.000"	0.0442	8.0225	0	FALSE
11180	"2000-01-01 00:00:14.125"	0.0443	8.0354	0	FALSE
11310	"2000-01-01 00:00:14.250"	0.0443	8.0496	0	FALSE
11440	"2000-01-01 00:00:14.375"	0.0447	9.0727	0	FALSE
11570	"2000-01-01 00:00:14.500"	0.0441	10.878	0.1126	FALSE
11700	"2000-01-01 00:00:14.625"	0.0778	11.1207	0.113	FALSE
11830	"2000-01-01 00:00:14.750"	0.0887	11.1513	0.1208	FALSE
11960	"2000-01-01 00:00:14.875"	0.1007	11.1535	0.116	FALSE
12090	"2000-01-01 00:00:15.000"	0.1202	11.1545	0.1141	FALSE
12220	"2000-01-01 00:00:15.125"	0.1444	11.1561	0.12	FALSE
12350	"2000-01-01 00:00:15.250"	0.1711	11.1558	0.1177	FALSE
12480	"2000-01-01 00:00:15.375"	0.1893	11.1583	0.1227	FALSE
12610	"2000-01-01 00:00:15.500"	0.1959	11.1583	0.1239	FALSE
12740	"2000-01-01 00:00:15.625"	0.195	11.16	0.1232	FALSE
12740	"2000-01-01 00:00:15.750"	0.1881	11.1543	0.1238	FALSE
12870	"2000-01-01 00:00:15.875"	0.1742	11.1509	0.1231	FALSE
13000	"2000-01-01 00:00:16.000"	0.1573	11.1449	0.1229	FALSE
13130	"2000-01-01 00:00:16.125"	0.1431	11.1433	0.1218	FALSE
13260	"2000-01-01 00:00:16.250"	0.1323	11.1492	0.1206	FALSE
13390	"2000-01-01 00:00:16.375"	0.1211	11.1489	0.1209	FALSE
13520	"2000-01-01 00:00:16.500"	0.1269	11.1462	0.1217	FALSE
13650	"2000-01-01 00:00:16.625"	0.1482	11.1386	0.1233	FALSE
13780	"2000-01-01 00:00:16.750"	0.1701	11.1409	0.1229	FALSE
13910	"2000-01-01 00:00:16.875"	0.1886	11.1409	0.1231	FALSE
14040	"2000-01-01 00:00:17.000"	0.203	11.1482	0.1235	FALSE
14170	"2000-01-01 00:00:17.125"	0.2103	11.1492	0.1227	FALSE
14300	"2000-01-01 00:00:17.250"	0.2123	11.1511	0.1232	FALSE
14430	"2000-01-01 00:00:17.375"	0.21	11.1514	0.1231	FALSE
14560	"2000-01-01 00:00:17.500"	0.2071	11.1481	0.1232	FALSE
14690	"2000-01-01 00:00:17.625"	0.1999	11.1421	0.1233	FALSE
14820	"2000-01-01 00:00:17.750"	0.1924	11.1391	0.1225	FALSE
14950	"2000-01-01 00:00:17.875"	0.1867	11.1408	0.1233	FALSE
15080	"2000-01-01 00:00:18.000"	0.1747	11.1409	0.1236	FALSE
15210	"2000-01-01 00:00:18.125"	0.1499	11.1405	0.1228	FALSE
15340	"2000-01-01 00:00:18.250"	0.1255	11.1416	0.1231	FALSE
15470	"2000-01-01 00:00:18.375"	0.1016	11.1467	0.123	FALSE
15600	"2000-01-01 00:00:18.500"	0.0773	11.1466	0.1239	FALSE
15730	"2000-01-01 00:00:18.625"	0.0479	11.1477	0.1216	FALSE
15860	"2000-01-01 00:00:18.750"	0.0523	11.1475	0.121	FALSE
15990	"2000-01-01 00:00:18.875"	0.0524	11.1463	0.1208	FALSE
15990	"2000-01-01 00:00:19.000"	0.0532	11.1471	0.1204	FALSE
16120	"2000-01-01 00:00:19.125"	0.053	11.1521	0.1226	FALSE
16250	"2000-01-01 00:00:19.250"	0.0537	11.1505	0.1232	FALSE
16380	"2000-01-01 00:00:19.375"	0.0717	11.1518	0.1233	FALSE
16510	"2000-01-01 00:00:19.500"	0.0863	11.1482	0.1223	FALSE
16640	"2000-01-01 00:00:19.625"	0.0766	11.1511	0.1226	FALSE
16770	"2000-01-01 00:00:19.750"	0.0605	11.1481	0.1234	FALSE
16900	"2000-01-01 00:00:19.875"	0.0471	11.1515	0.1231	FALSE
17030	"2000-01-01 00:00:20.000"	0.0509	11.146	0.111	FALSE
17160	"2000-01-01 00:00:20.125"	0.051	11.1456	0.0058	FALSE
17290	"2000-01-01 00:00:20.250"	0.0518	11.1062	0	FALSE
17420	"2000-01-01 00:00:20.375"	0.0522	11.0123	0	FALSE
17550	"2000-01-01 00:00:20.500"	0.0517	10.9498	0	FALSE
17680	"2000-01-01 00:00:20.625"	0.0523	10.8715	0	FALSE
17810	"2000-01-01 00:00:20.750"	0.0522	10.8078	0	FALSE
17940	"2000-01-01 00:00:20.875"	0.0523	10.7554	0	FALSE
18070	"2000-01-01 00:00:21.000"	0.0525	10.7086	0	FALSE
18200	"2000-01-01 00:00:21.125"	0.0523	10.664	0	FALSE
18330	"2000-01-01 00:00:21.250"	0.0522	10.6119	0	FALSE
18460	"2000-01-01 00:00:21.375"	0.0525	10.5571	0	FALSE
18590	"2000-01-01 00:00:21.500"	0.0525	10.4891	0	FALSE
18720	"2000-01-01 00:00:21.625"	0.0517	10.4257	0	FALSE
18850	"2000-01-01 00:00:21.750"	0.0521	10.3676	0	FALSE
18980	"2000-01-01 00:00:21.875"	0.0528	10.3076	0	FALSE
18980	"2000-01-01 00:00:22.000"	0.052	10.2477	0	FALSE
19240	"2000-01-01 00:00:22.125"	0.0523	10.1975	0	FALSE
19240	"2000-01-01 00:00:22.250"	0.0526	10.1418	0	FALSE
19370	"2000-01-01 00:00:22.375"	0.0526	10.0787	0	FALSE
19500	"2000-01-01 00:00:22.500"	0.0524	10.026	0	FALSE
19630	"2000-01-01 00:00:22.625"	0.0521	9.9877	0	FALSE
19760	"2000-01-01 00:00:22.750"	0.0525	9.9487	0	FALSE
19890	"2000-01-01 00:00:22.875"	0.052	9.904	0	FALSE
20020	"2000-01-01 00:00:23.000"	0.0531	9.8474	0	FALSE
20150	"2000-01-01 00:00:23.125"	0.0527	9.7743	0	FALSE
20280	"2000-01-01 00:00:23.250"	0.0525	9.7221	0	FALSE
20410	"2000-01-01 00:00:23.375"	0.0521	9.667	0	FALSE
20540	"2000-01-01 00:00:23.500"	0.053	9.5996	0	FALSE
20670	"2000-01-01 00:00:23.625"	0.0525	9.5344	0	FALSE
20800	"2000-01-01 00:00:23.750"	0.0522	9.4845	0	FALSE
20930	"2000-01-01 00:00:23.875"	0.0519	9.4316	0	FALSE
21060	"2000-01-01 00:00:24.000"	0.0519	9.3799	0	FALSE
21190	"2000-01-01 00:00:24.125"	0.0519	9.3209	0	FALSE
21320	"2000-01-01 00:00:24.250"	0.0522	9.2754	0	FALSE
21450	"2000-01-01 00:00:24.375"	0.0521	9.2394	0	FALSE
21580	"2000-01-01 00:00:24.500"	0.0524	9.2051	0	FALSE
21710	"2000-01-01 00:00:24.625"	0.052	9.1718	0	FALSE
21840	"2000-01-01 00:00:24.750"	0.0526	9.1423	0	FALSE
21970	"2000-01-01 00:00:24.875"	0.0527	9.1127	0	FALSE
22100	"2000-01-01 00:00:25.000"	0.0528	9.0723	0	FALSE
22230	"2000-01-01 00:00:25.125"	0.052	9.0348	0	FALSE
22230	"2000-01-01 00:00:25.250"	0.0529	8.9932	0	FALSE
22490	"2000-01-01 00:00:25.375"	0.0525	8.9549	0	FALSE
22490	"2000-01-01 00:00:25.500"	0.0521	8.9336	0	FALSE
22620	"2000-01-01 00:00:25.625"	0.0526	8.9245	0	FALSE
22750	"2000-01-01 00:00:25.750"	0.0525	8.9152	0	FALSE
22880	"2000-01-01 00:00:25.875"	0.0519	8.9021	0	FALSE
23010	"2000-01-01 00:00:26.000"	0.0528	8.8778	0	FALSE
23140	"2000-01-01 00:00:26.125"	0.0525	8.8516	0	FALSE
23270	"2000-01-01 00:00:26.250"	0.0517	8.8253	0	FALSE
23400	"2000-01-01 00:00:26.375"	0.0523	8.7947	0	FALSE
23530	"2000-01-01 00:00:26.500"	0.0529	8.758	0	FALSE
23660	"2000-01-01 00:00:26.625"	0.052	8.7216	0	FALSE
23790	"2000-01-01 00:00:26.750"	0.0518	8.6893	0	FALSE
23920	"2000-01-01 00:00:26.875"	0.0526	8.6582	0	FALSE
24050	"2000-01-01 00:00:27.000"	0.052	8.6239	0	FALSE
24180	"2000-01-01 00:00:27.125"	0.052	8.5892	0	FALSE
24310	"2000-01-01 00:00:27.250"	0.0521	8.5701	0	FALSE
24440	"2000-01-01 00:00:27.375"	0.0525	8.5514	0	FALSE
24570	"2000-01-01 00:00:27.500"	0.0519	8.5358	0	FALSE
24700	"2000-01-01 00:00:27.625"	0.0519	8.5206	0	FALSE
24830	"2000-01-01 00:00:27.750"	0.0524	8.5071	0	FALSE
24960	"2000-01-01 00:00:27.875"	0.052	8.4921	0	FALSE
25090	"2000-01-01 00:00:28.000"	0.0514	8.4787	0	FALSE
25220	"2000-01-01 00:00:28.125"	0.0514	8.4636	0	FALSE
25350	"2000-01-01 00:00:28.250"	0.0517	8.4443	0	FALSE
25480	"2000-01-01 00:00:28.375"	0.0518	8.4214	0	FALSE
25610	"2000-01-01 00:00:28.500"	0.0519	8.3971	0	FALSE
25740	"2000-01-01 00:00:28.625"	0.052	8.3742	0	FALSE
25740	"2000-01-01 00:00:28.750"	0.0521	8.3476	0	FALSE
25870	"2000-01-01 00:00:28.875"	0.0514	8.3215	0	FALSE
26000	"2000-01-01 00:00:29.000"	0.0515	8.295	0	FALSE
26130	"2000-01-01 00:00:29.125"	0.0518	8.2649	0	FALSE
26260	"2000-01-01 00:00:29.250"	0.0518	8.2308	0	FALSE
26390	"2000-01-01 00:00:29.375"	0.0514	8.2003	0	FALSE
26520	"2000-01-01 00:00:29.500"	0.052	8.1694	0	FALSE
26650	"2000-01-01 00:00:29.625"	0.0517	8.1398	0	FALSE
26780	"2000-01-01 00:00:29.750"	0.0516	8.1133	0	FALSE
26910	"2000-01-01 00:00:29.875"	0.0512	8.0858	0	FALSE
27040	"2000-01-01 00:00:30.000"	0.0515	8.0614	0	FALSE
27170	"2000-01-01 00:00:30.125"	0.0525	8.0366	0	FALSE
27300	"2000-01-01 00:00:30.250"	0.0529	8.0126	0	FALSE
27430	"2000-01-01 00:00:30.375"	0.0517	7.988	0	FALSE
27560	"2000-01-01 00:00:30.500"	0.0512	7.9622	0	FALSE
27690	"2000-01-01 00:00:30.625"	0.0518	7.9373	0	FALSE
27820	"2000-01-01 00:00:30.750"	0.0519	7.9141	0	FALSE
27950	"2000-01-01 00:00:30.875"	0.0524	7.8932	0	FALSE
28080	"2000-01-01 00:00:31.000"	0.052	7.8717	0	FALSE
28210	"2000-01-01 00:00:31.125"	0.0527	7.8513	0	FALSE
28340	"2000-01-01 00:00:31.250"	0.0518	7.8311	0	FALSE
28470	"2000-01-01 00:00:31.375"	0.0525	7.8114	0	FALSE
28600	"2000-01-01 00:00:31.500"	0.0525	7.7876	0	FALSE
28730	"2000-01-01 00:00:31.625"	0.0531	7.7627	0	FALSE
28860	"2000-01-01 00:00:31.750"	0.0522	7.7449	0	FALSE
28990	"2000-01-01 00:00:31.875"	0.0525	7.7267	0	FALSE
28990	"2000-01-01 00:00:32.000"	0.0523	7.7076	0	FALSE
29120	"2000-01-01 00:00:32.125"	0.0528	7.6899	0	FALSE
29250	"2000-01-01 00:00:32.250"	0.0525	7.6765	0	FALSE
29380	"2000-01-01 00:00:32.375"	0.0523	7.6636	0	FALSE
29510	"2000-01-01 00:00:32.500"	0.0527	7.6508	0	FALSE
29640	"2000-01-01 00:00:32.625"	0.0525	7.6434	0	FALSE
29770	"2000-01-01 00:00:32.750"	0.0518	7.6408	0	FALSE
29900	"2000-01-01 00:00:32.875"	0.0524	9.6771	0.0184	FALSE
30030	"2000-01-01 00:00:33.000"	0.0814	10.9863	0.1203	FALSE
30160	"2000-01-01 00:00:33.125"	0.1276	11.1483	0.1195	FALSE
30290	"2000-01-01 00:00:33.250"	0.1794	11.1666	0.1231	FALSE
30420	"2000-01-01 00:00:33.375"	0.218	11.1742	0.121	FALSE
30550	"2000-01-01 00:00:33.500"	0.2531	11.1637	0.122	FALSE
30680	"2000-01-01 00:00:33.625"	0.2933	11.153	0.1223	FALSE
30810	"2000-01-01 00:00:33.750"	0.3405	11.1558	0.122	FALSE
30940	"2000-01-01 00:00:33.875"	0.4015	11.1535	0.1207	FALSE
31070	"2000-01-01 00:00:34.000"	0.4676	11.1538	0.123	FALSE
31200	"2000-01-01 00:00:34.125"	0.543	11.1521	0.123	FALSE
31330	"2000-01-01 00:00:34.250"	0.6195	11.1488	0.1232	FALSE
31460	"2000-01-01 00:00:34.375"	0.705	11.1477	0.1222	FALSE
31590	"2000-01-01 00:00:34.500"	0.7853	11.1511	0.1234	FALSE
31720	"2000-01-01 00:00:34.625"	0.8573	11.1478	0.1234	FALSE
31850	"2000-01-01 00:00:34.750"	0.9243	11.1435	0.1229	FALSE
31980	"2000-01-01 00:00:34.875"	0.9844	11.1456	0.1239	FALSE
32110	"2000-01-01 00:00:35.000"	1.0388	11.1452	0.1229	FALSE
32240	"2000-01-01 00:00:35.125"	1.0916	11.1459	0.1223	FALSE
32240	"2000-01-01 00:00:35.250"	1.1359	11.1441	0.1237	FALSE
32370	"2000-01-01 00:00:35.375"	1.1738	11.1437	0.1234	FALSE
32500	"2000-01-01 00:00:35.500"	1.2058	11.1432	0.123	FALSE
32630	"2000-01-01 00:00:35.625"	1.2374	11.1434	0.1239	FALSE
32760	"2000-01-01 00:00:35.750"	1.2702	11.1428	0.1239	FALSE
32890	"2000-01-01 00:00:35.875"	1.305	11.1396	0.1232	FALSE
33020	"2000-01-01 00:00:36.000"	1.3393	11.1413	0.1229	FALSE
33150	"2000-01-01 00:00:36.125"	1.3566	11.1418	0.1233	FALSE
33280	"2000-01-01 00:00:36.250"	1.3577	11.1402	0.1231	FALSE
33410	"2000-01-01 00:00:36.375"	1.3632	11.1321	0.1232	FALSE
33540	"2000-01-01 00:00:36.500"	1.3693	11.1319	0.1234	FALSE
33670	"2000-01-01 00:00:36.625"	1.3753	11.143	0.1232	FALSE
33800	"2000-01-01 00:00:36.750"	1.3835	11.139	0.1235	FALSE
33930	"2000-01-01 00:00:36.875"	1.394	11.1409	0.123	FALSE
34060	"2000-01-01 00:00:37.000"	1.4028	11.1429	0.1238	FALSE
34190	"2000-01-01 00:00:37.125"	1.4137	11.1405	0.1239	FALSE
34320	"2000-01-01 00:00:37.250"	1.4225	11.1406	0.1225	FALSE
34450	"2000-01-01 00:00:37.375"	1.4257	11.1419	0.1236	FALSE
34580	"2000-01-01 00:00:37.500"	1.425	11.1381	0.1233	FALSE
34710	"2000-01-01 00:00:37.625"	1.4228	11.1377	0.1232	FALSE
34840	"2000-01-01 00:00:37.750"	1.4187	11.1371	0.123	FALSE
34970	"2000-01-01 00:00:37.875"	1.4128	11.1394	0.1231	FALSE
35100	"2000-01-01 00:00:38.000"	1.4085	11.14	0.123	FALSE
35230	"2000-01-01 00:00:38.125"	1.4047	11.1421	0.1226	FALSE
35360	"2000-01-01 00:00:38.250"	1.4044	11.1417	0.123	FALSE
35490	"2000-01-01 00:00:38.375"	1.4048	11.1416	0.1229	FALSE
35490	"2000-01-01 00:00:38.500"	1.4069	11.1421	0.1231	FALSE
35620	"2000-01-01 00:00:38.625"	1.411	11.1428	0.1227	FALSE
35750	"2000-01-01 00:00:38.750"	1.4154	11.1416	0.1231	FALSE
35880	"2000-01-01 00:00:38.875"	1.42	11.1409	0.1229	FALSE
36010	"2000-01-01 00:00:39.000"	1.4246	11.1435	0.123	FALSE
36140	"2000-01-01 00:00:39.125"	1.4277	11.144	0.1229	FALSE
36270	"2000-01-01 00:00:39.250"	1.4294	11.1454	0.1236	FALSE
36400	"2000-01-01 00:00:39.375"	1.43	11.1354	0.1233	FALSE
36530	"2000-01-01 00:00:39.500"	1.4291	11.1378	0.1229	FALSE
36660	"2000-01-01 00:00:39.625"	1.4274	11.1357	0.1229	FALSE
36790	"2000-01-01 00:00:39.750"	1.4234	11.1366	0.1234	FALSE
36920	"2000-01-01 00:00:39.875"	1.4203	11.142	0.1237	FALSE
37050	"2000-01-01 00:00:40.000"	1.417	11.1423	0.1228	FALSE
37180	"2000-01-01 00:00:40.125"	1.4151	11.1399	0.1231	FALSE
37310	"2000-01-01 00:00:40.250"	1.4141	11.1405	0.1227	FALSE
37440	"2000-01-01 00:00:40.375"	1.4139	11.1418	0.1237	FALSE
37570	"2000-01-01 00:00:40.500"	1.4153	11.1431	0.1222	FALSE
37700	"2000-01-01 00:00:40.625"	1.417	11.1417	0.1224	FALSE
37830	"2000-01-01 00:00:40.750"	1.4192	11.1448	0.1225	FALSE
37960	"2000-01-01 00:00:40.875"	1.4213	11.1398	0.1228	FALSE
38090	"2000-01-01 00:00:41.000"	1.4214	11.1407	0.1231	FALSE
38220	"2000-01-01 00:00:41.125"	1.4212	11.1395	0.1235	FALSE
38350	"2000-01-01 00:00:41.250"	1.4213	11.1398	0.1235	FALSE
38480	"2000-01-01 00:00:41.375"	1.4207	11.1397	0.1223	FALSE
38610	"2000-01-01 00:00:41.500"	1.4213	11.1394	0.1238	FALSE
38740	"2000-01-01 00:00:41.625"	1.4201	11.14	0.123	FALSE
38740	"2000-01-01 00:00:41.750"	1.4211	11.1398	0.1236	FALSE
38870	"2000-01-01 00:00:41.875"	1.423	11.1384	0.1236	FALSE
39000	"2000-01-01 00:00:42.000"	1.4246	11.1412	0.123	FALSE
39130	"2000-01-01 00:00:42.125"	1.4274	11.1424	0.123	FALSE
39260	"2000-01-01 00:00:42.250"	1.43	11.1441	0.1231	FALSE
39390	"2000-01-01 00:00:42.375"	1.4313	11.1425	0.123	FALSE
39520	"2000-01-01 00:00:42.500"	1.4318	11.1431	0.123	FALSE
39650	"2000-01-01 00:00:42.625"	1.4308	11.1415	0.1225	FALSE
39780	"2000-01-01 00:00:42.750"	1.428	11.138	0.123	FALSE
39910	"2000-01-01 00:00:42.875"	1.4236	11.1323	0.123	FALSE
40040	"2000-01-01 00:00:43.000"	1.4182	11.135	0.1229	FALSE
40170	"2000-01-01 00:00:43.125"	1.4134	11.1367	0.1227	FALSE
40300	"2000-01-01 00:00:43.250"	1.4093	11.1361	0.1231	FALSE
40430	"2000-01-01 00:00:43.375"	1.4062	11.1355	0.1228	FALSE
40560	"2000-01-01 00:00:43.500"	1.4063	11.1362	0.1231	FALSE
40690	"2000-01-01 00:00:43.625"	1.4088	11.1363	0.1228	FALSE
40820	"2000-01-01 00:00:43.750"	1.4137	11.1359	0.1239	FALSE
40950	"2000-01-01 00:00:43.875"	1.4192	11.1393	0.1229	FALSE
41080	"2000-01-01 00:00:44.000"	1.4263	11.1378	0.1239	FALSE
41210	"2000-01-01 00:00:44.125"	1.4335	11.1383	0.1231	FALSE
41340	"2000-01-01 00:00:44.250"	1.4388	11.138	0.1232	FALSE
41470	"2000-01-01 00:00:44.375"	1.4406	11.1391	0.1225	FALSE
41600	"2000-01-01 00:00:44.500"	1.4407	11.1385	0.1229	FALSE
41730	"2000-01-01 00:00:44.625"	1.4356	11.1383	0.1232	FALSE
41860	"2000-01-01 00:00:44.750"	1.4288	11.1373	0.123	FALSE
41990	"2000-01-01 00:00:44.875"	1.4216	11.1372	0.1225	FALSE
41990	"2000-01-01 00:00:45.000"	1.4127	11.1374	0.1232	FALSE
42120	"2000-01-01 00:00:45.125"	1.4063	11.1388	0.1231	FALSE
42250	"2000-01-01 00:00:45.250"	1.4011	11.1396	0.123	FALSE
42380	"2000-01-01 00:00:45.375"	1.3998	11.1432	0.1229	FALSE
42510	"2000-01-01 00:00:45.500"	1.4026	11.1415	0.1222	FALSE
42640	"2000-01-01 00:00:45.625"	1.4092	11.1424	0.1224	FALSE
42770	"2000-01-01 00:00:45.750"	1.4175	11.1407	0.123	FALSE
42900	"2000-01-01 00:00:45.875"	1.4273	11.1407	0.1228	FALSE
43030	"2000-01-01 00:00:46.000"	1.435	11.1423	0.1226	FALSE
43160	"2000-01-01 00:00:46.125"	1.4416	11.1371	0.1226	FALSE
43290	"2000-01-01 00:00:46.250"	1.4437	11.136	0.1228	FALSE
43420	"2000-01-01 00:00:46.375"	1.4423	11.1374	0.1226	FALSE
43550	"2000-01-01 00:00:46.500"	1.4364	11.1396	0.1228	FALSE
43680	"2000-01-01 00:00:46.625"	1.4285	11.1376	0.1234	FALSE
43810	"2000-01-01 00:00:46.750"	1.4203	11.1353	0.1238	FALSE
43940	"2000-01-01 00:00:46.875"	1.4112	11.135	0.1233	FALSE
44070	"2000-01-01 00:00:47.000"	1.4048	11.1404	0.1228	FALSE
44200	"2000-01-01 00:00:47.125"	1.4014	11.1402	0.123	FALSE
44330	"2000-01-01 00:00:47.250"	1.4019	11.1408	0.1223	FALSE
44460	"2000-01-01 00:00:47.375"	1.4056	11.1362	0.123	FALSE
44590	"2000-01-01 00:00:47.500"	1.412	11.1401	0.1221	FALSE
44720	"2000-01-01 00:00:47.625"	1.4201	11.139	0.123	FALSE
44850	"2000-01-01 00:00:47.750"	1.4273	11.1402	0.1234	FALSE
44980	"2000-01-01 00:00:47.875"	1.4341	11.1399	0.1227	FALSE
45110	"2000-01-01 00:00:48.000"	1.4394	11.1389	0.1228	FALSE
45240	"2000-01-01 00:00:48.125"	1.4412	11.1391	0.1224	FALSE
45240	"2000-01-01 00:00:48.250"	1.4406	11.1385	0.1227	FALSE
45370	"2000-01-01 00:00:48.375"	1.4374	11.1383	0.1234	FALSE
45500	"2000-01-01 00:00:48.500"	1.4335	11.138	0.122	FALSE
45630	"2000-01-01 00:00:48.625"	1.4283	11.1401	0.1231	FALSE
45760	"2000-01-01 00:00:48.750"	1.4232	11.14	0.1229	FALSE
45890	"2000-01-01 00:00:48.875"	1.4196	11.1393	0.1227	FALSE
46020	"2000-01-01 00:00:49.000"	1.4174	11.1347	0.1227	FALSE
46150	"2000-01-01 00:00:49.125"	1.415	11.1341	0.1221	FALSE
46280	"2000-01-01 00:00:49.250"	1.4147	11.1344	0.1226	FALSE
46410	"2000-01-01 00:00:49.375"	1.415	11.1376	0.1234	FALSE
46540	"2000-01-01 00:00:49.500"	1.4156	11.1348	0.1228	FALSE
46670	"2000-01-01 00:00:49.625"	1.4174	11.1366	0.1229	FALSE
46800	"2000-01-01 00:00:49.750"	1.4189	11.1375	0.1232	FALSE
46930	"2000-01-01 00:00:49.875"	1.4173	11.1407	0.122	FALSE
47060	"2000-01-01 00:00:50.000"	1.4162	11.1402	0.1232	FALSE
47190	"2000-01-01 00:00:50.125"	1.4051	11.1404	0.1222	FALSE
47320	"2000-01-01 00:00:50.250"	1.3978	11.1384	0.1228	FALSE
47450	"2000-01-01 00:00:50.375"	1.3854	11.14	0.1228	FALSE
47580	"2000-01-01 00:00:50.500"	1.3641	11.1376	0.1232	FALSE
47710	"2000-01-01 00:00:50.625"	1.3397	11.1359	0.1224	FALSE
47840	"2000-01-01 00:00:50.750"	1.3082	11.1378	0.1232	FALSE
47970	"2000-01-01 00:00:50.875"	1.2798	11.141	0.1234	FALSE
48100	"2000-01-01 00:00:51.000"	1.2472	11.1415	0.1236	FALSE
48230	"2000-01-01 00:00:51.125"	1.2161	11.1422	0.1237	FALSE
48360	"2000-01-01 00:00:51.250"	1.1926	11.1436	0.1228	FALSE
48490	"2000-01-01 00:00:51.375"	1.1686	11.1468	0.1225	FALSE
48490	"2000-01-01 00:00:51.500"	1.1493	11.1475	0.1231	FALSE
48620	"2000-01-01 00:00:51.625"	1.1315	11.1489	0.1228	FALSE
48750	"2000-01-01 00:00:51.750"	1.1132	11.1505	0.1228	FALSE
48880	"2000-01-01 00:00:51.875"	1.0869	11.1475	0.1232	FALSE
49010	"2000-01-01 00:00:52.000"	1.056	11.1514	0.123	FALSE
49140	"2000-01-01 00:00:52.125"	1.019	11.1508	0.1229	FALSE
49270	"2000-01-01 00:00:52.250"	0.9751	11.1474	0.1232	FALSE
49400	"2000-01-01 00:00:52.375"	0.9251	11.1541	0.1222	FALSE
49530	"2000-01-01 00:00:52.500"	0.8828	11.1526	0.1221	FALSE
49660	"2000-01-01 00:00:52.625"	0.8462	11.1515	0.1228	FALSE
49790	"2000-01-01 00:00:52.750"	0.8051	11.1521	0.1231	FALSE
49920	"2000-01-01 00:00:52.875"	0.7743	11.1482	0.123	FALSE
50050	"2000-01-01 00:00:53.000"	0.7432	11.151	0.124	FALSE
50180	"2000-01-01 00:00:53.125"	0.7257	11.1507	0.1229	FALSE
50310	"2000-01-01 00:00:53.250"	0.7024	11.1497	0.1233	FALSE
50440	"2000-01-01 00:00:53.375"	0.6874	11.1522	0.1223	FALSE
50570	"2000-01-01 00:00:53.500"	0.6767	11.1508	0.1243	FALSE
50700	"2000-01-01 00:00:53.625"	0.6567	11.15	0.1226	FALSE
50830	"2000-01-01 00:00:53.750"	0.6447	11.1483	0.1239	FALSE
50960	"2000-01-01 00:00:53.875"	0.6253	11.1478	0.1234	FALSE
51090	"2000-01-01 00:00:54.000"	0.6054	11.1486	0.1228	FALSE
51220	"2000-01-01 00:00:54.125"	0.5743	11.1478	0.1231	FALSE
51350	"2000-01-01 00:00:54.250"	0.5448	11.1483	0.1227	FALSE
51480	"2000-01-01 00:00:54.375"	0.515	11.1508	0.1229	FALSE
51610	"2000-01-01 00:00:54.500"	0.486	11.1503	0.1231	FALSE
51740	"2000-01-01 00:00:54.625"	0.4515	11.1487	0.123	FALSE
51740	"2000-01-01 00:00:54.750"	0.4274	11.1489	0.1228	FALSE
51870	"2000-01-01 00:00:54.875"	0.4037	11.1499	0.1229	FALSE
52000	"2000-01-01 00:00:55.000"	0.3791	11.1504	0.1229	FALSE
52130	"2000-01-01 00:00:55.125"	0.3584	11.1497	0.1232	FALSE
52260	"2000-01-01 00:00:55.250"	0.3295	11.1492	0.1228	FALSE
52390	"2000-01-01 00:00:55.375"	0.3077	11.1471	0.1231	FALSE
52520	"2000-01-01 00:00:55.500"	0.2821	11.1513	0.1233	FALSE
52650	"2000-01-01 00:00:55.625"	0.2557	11.1527	0.1224	FALSE
52780	"2000-01-01 00:00:55.750"	0.2292	11.152	0.1226	FALSE
52910	"2000-01-01 00:00:55.875"	0.192	11.1586	0.1231	FALSE
53040	"2000-01-01 00:00:56.000"	0.1647	11.1628	0.1236	FALSE
53170	"2000-01-01 00:00:56.125"	0.1398	11.167	0.1231	FALSE
53300	"2000-01-01 00:00:56.250"	0.1127	11.1675	0.1222	FALSE
53430	"2000-01-01 00:00:56.375"	0.0904	11.1689	0.1226	FALSE
53560	"2000-01-01 00:00:56.500"	0.0712	11.1682	0.1233	FALSE
53690	"2000-01-01 00:00:56.625"	0.0616	11.1705	0.1225	FALSE
53820	"2000-01-01 00:00:56.750"	0.0531	11.1661	0.1231	FALSE
53950	"2000-01-01 00:00:56.875"	0.0516	11.1692	0.1216	FALSE
54080	"2000-01-01 00:00:57.000"	0.0522	11.1691	0.1197	FALSE
54210	"2000-01-01 00:00:57.125"	0.0523	11.1684	0.0229	FALSE
54340	"2000-01-01 00:00:57.250"	0.0516	11.1682	0	FALSE
54470	"2000-01-01 00:00:57.375"	0.0513	11.1686	0	FALSE
54600	"2000-01-01 00:00:57.500"	0.0514	11.1651	0	FALSE
54730	"2000-01-01 00:00:57.625"	0.0515	11.1591	0	FALSE
54860	"2000-01-01 00:00:57.750"	0.0519	11.168	0	FALSE
54990	"2000-01-01 00:00:57.875"	0.0522	11.1719	0	FALSE
54990	"2000-01-01 00:00:58.000"	0.0523	11.1744	0	FALSE
55120	"2000-01-01 00:00:58.125"	0.0529	11.1744	0	FALSE
55250	"2000-01-01 00:00:58.250"	0.0523	11.1739	0	FALSE
55380	"2000-01-01 00:00:58.375"	0.0532	11.1737	0.0193	FALSE
55510	"2000-01-01 00:00:58.500"	0.0527	11.1734	0.0343	FALSE
55640	"2000-01-01 00:00:58.625"	0.0534	11.1763	0.0515	FALSE
55770	"2000-01-01 00:00:58.750"	0.0535	11.178	0.056	FALSE
55900	"2000-01-01 00:00:58.875"	0.0522	11.1772	0.0271	FALSE
56030	"2000-01-01 00:00:59.000"	0.0528	11.1775	0.0976	FALSE
56160	"2000-01-01 00:00:59.125"	0.0524	11.1775	0.1166	FALSE
56290	"2000-01-01 00:00:59.250"	0.0524	11.1751	0.114	FALSE
56420	"2000-01-01 00:00:59.375"	0.0524	11.1783	0.1144	FALSE
56550	"2000-01-01 00:00:59.500"	0.0526	11.1756	0.1124	FALSE
56680	"2000-01-01 00:00:59.625"	0.0528	11.176	0.1138	FALSE
56810	"2000-01-01 00:00:59.750"	0.0526	11.1731	0.1069	FALSE
56940	"2000-01-01 00:00:59.875"	0.0534	11.174	0.1068	FALSE
57070	"2000-01-01 00:01:00.000"	0.0525	11.1729	0.0247	FALSE
57200	"2000-01-01 00:01:00.125"	0.053	11.1738	0.0641	FALSE
57330	"2000-01-01 00:01:00.250"	0.0526	11.1736	0.0513	FALSE
57460	"2000-01-01 00:01:00.375"	0.053	11.1731	0.0395	FALSE
57590	"2000-01-01 00:01:00.500"	0.0534	11.1747	0.0264	FALSE
57720	"2000-01-01 00:01:00.625"	0.0539	11.1767	0.07	TRUE
57850	"2000-01-01 00:01:00.750"	0.0612	11.1752	0.1185	TRUE
57980	"2000-01-01 00:01:00.875"	0.0868	11.1763	0.1219	TRUE
58110	"2000-01-01 00:01:01.000"	0.1067	11.1769	0.1227	TRUE
58240	"2000-01-01 00:01:01.125"	0.1186	11.1757	0.1227	TRUE
58240	"2000-01-01 00:01:01.250"	0.142	11.1744	0.1226	TRUE
58370	"2000-01-01 00:01:01.375"	0.1687	11.1748	0.1229	TRUE
58500	"2000-01-01 00:01:01.500"	0.1875	11.1757	0.1228	TRUE
58630	"2000-01-01 00:01:01.625"	0.1969	11.1775	0.1228	TRUE
58760	"2000-01-01 00:01:01.750"	0.1969	11.1775	0.1228	TRUE
58890	"2000-01-01 00:01:01.875"	0.1969	11.1702	0.1229	TRUE
59020	"2000-01-01 00:01:02.000"	0.2025	11.1687	0.122	TRUE
59150	"2000-01-01 00:01:02.125"	0.2063	11.1704	0.1229	TRUE
59280	"2000-01-01 00:01:02.250"	0.2053	11.1704	0.1232	TRUE
59410	"2000-01-01 00:01:02.375"	0.2025	11.1727	0.1225	TRUE
59540	"2000-01-01 00:01:02.500"	0.199	11.1768	0.1223	TRUE
59670	"2000-01-01 00:01:02.625"	0.1886	11.1747	0.1237	TRUE
59800	"2000-01-01 00:01:02.750"	0.1825	11.1803	0.1226	TRUE
59930	"2000-01-01 00:01:02.875"	0.1791	11.1788	0.1215	TRUE
60060	"2000-01-01 00:01:03.000"	0.1794	11.1792	0.1227	TRUE
60190	"2000-01-01 00:01:03.125"	0.1855	11.1824	0.1221	TRUE
60320	"2000-01-01 00:01:03.250"	0.1901	11.1803	0.1237	TRUE
60450	"2000-01-01 00:01:03.375"	0.2026	11.1785	0.1223	TRUE
60580	"2000-01-01 00:01:03.500"	0.2042	11.1779	0.1229	TRUE
60710	"2000-01-01 00:01:03.625"	0.2087	11.1756	0.1224	TRUE
60840	"2000-01-01 00:01:03.750"	0.2162	11.1766	0.1233	TRUE
60970	"2000-01-01 00:01:03.875"	0.2169	11.175	0.1223	TRUE
61100	"2000-01-01 00:01:04.000"	0.2205	11.1739	0.123	TRUE
61230	"2000-01-01 00:01:04.125"	0.2191	11.174	0.1222	TRUE
61360	"2000-01-01 00:01:04.250"	0.2253	11.1752	0.1226	TRUE
61490	"2000-01-01 00:01:04.375"	0.2292	11.1776	0.1239	TRUE
61620	"2000-01-01 00:01:04.500"	0.2272	11.1776	0.1226	TRUE
61620	"2000-01-01 00:01:04.625"	0.2301	11.1787	0.1226	TRUE
61750	"2000-01-01 00:01:04.750"	0.2295	11.1804	0.1226	TRUE
61880	"2000-01-01 00:01:04.875"	0.2274	11.1782	0.1228	TRUE
62010	"2000-01-01 00:01:05.000"	0.2234	11.1809	0.1225	TRUE
62140	"2000-01-01 00:01:05.125"	0.2207	11.1787	0.1223	TRUE
62270	"2000-01-01 00:01:05.250"	0.2149	11.1786	0.1231	TRUE
62400	"2000-01-01 00:01:05.375"	0.2122	11.181	0.1231	TRUE
62530	"2000-01-01 00:01:05.500"	0.2092	11.1812	0.1227	TRUE
62660	"2000-01-01 00:01:05.625"	0.213	11.1779	0.123	TRUE
62790	"2000-01-01 00:01:05.750"	0.218	11.1788	0.1227	TRUE
62920	"2000-01-01 00:01:05.875"	0.2245	11.1767	0.1229	TRUE
63050	"2000-01-01 00:01:06.000"	0.2285	11.1814	0.1233	TRUE
63180	"2000-01-01 00:01:06.125"	0.2372	11.1817	0.1227	TRUE
63310	"2000-01-01 00:01:06.250"	0.2461	11.1757	0.1228	TRUE
63440	"2000-01-01 00:01:06.375"	0.261	11.1798	0.1231	TRUE
63570	"2000-01-01 00:01:06.500"	0.2728	11.1793	0.1226	TRUE
63700	"2000-01-01 00:01:06.625"	0.2849	11.1825	0.1227	TRUE
63830	"2000-01-01 00:01:06.750"	0.2905	11.1811	0.1233	TRUE
63960	"2000-01-01 00:01:06.875"	0.2869	11.1813	0.1233	TRUE
64090	"2000-01-01 00:01:07.000"	0.2837	11.1833	0.1238	TRUE
64220	"2000-01-01 00:01:07.125"	0.2778	11.1823	0.1241	TRUE
64350	"2000-01-01 00:01:07.250"	0.2651	11.1837	0.123	TRUE
64480	"2000-01-01 00:01:07.375"	0.2483	11.1805	0.1229	TRUE
64610	"2000-01-01 00:01:07.500"	0.2328	11.1839	0.1236	TRUE
64740	"2000-01-01 00:01:07.625"	0.2227	11.182	0.1227	TRUE
64740	"2000-01-01 00:01:07.750"	0.2229	11.1814	0.1223	TRUE
64870	"2000-01-01 00:01:07.875"	0.2247	11.1764	0.1226	TRUE
65000	"2000-01-01 00:01:08.000"	0.2317	11.1698	0.1229	TRUE
65130	"2000-01-01 00:01:08.125"	0.2496	11.1658	0.1229	TRUE
65260	"2000-01-01 00:01:08.250"	0.2704	11.1666	0.1224	TRUE
65390	"2000-01-01 00:01:08.375"	0.2982	11.1661	0.1227	TRUE
65520	"2000-01-01 00:01:08.500"	0.3142	11.1676	0.1228	TRUE
65650	"2000-01-01 00:01:08.625"	0.3412	11.168	0.1226	TRUE
65780	"2000-01-01 00:01:08.750"	0.3651	11.1685	0.1229	TRUE
65910	"2000-01-01 00:01:08.875"	0.3806	11.1678	0.123	TRUE
66040	"2000-01-01 00:01:09.000"	0.3991	11.1676	0.1219	TRUE
66170	"2000-01-01 00:01:09.125"	0.4152	11.1681	0.1234	TRUE
66300	"2000-01-01 00:01:09.250"	0.4174	11.1741	0.1231	TRUE
66430	"2000-01-01 00:01:09.375"	0.4265	11.1777	0.1233	TRUE
66560	"2000-01-01 00:01:09.500"	0.4274	11.1758	0.1232	TRUE
66690	"2000-01-01 00:01:09.625"	0.4271	11.1732	0.1242	TRUE
66820	"2000-01-01 00:01:09.750"	0.4266	11.172	0.123	TRUE
66950	"2000-01-01 00:01:09.875"	0.4195	11.1715	0.1217	TRUE
67080	"2000-01-01 00:01:10.000"	0.4226	11.174	0.1228	TRUE
67210	"2000-01-01 00:01:10.125"	0.4297	11.1757	0.1231	TRUE
67340	"2000-01-01 00:01:10.250"	0.4416	11.1731	0.1226	TRUE
67470	"2000-01-01 00:01:10.375"	0.4591	11.1716	0.1227	TRUE
67600	"2000-01-01 00:01:10.500"	0.4699	11.1695	0.1229	TRUE
67730	"2000-01-01 00:01:10.625"	0.4822	11.1695	0.1233	TRUE
67860	"2000-01-01 00:01:10.750"	0.4955	11.1639	0.1228	TRUE
67990	"2000-01-01 00:01:10.875"	0.5094	11.1612	0.123	TRUE
67990	"2000-01-01 00:01:11.000"	0.522	11.1628	0.1217	TRUE
68120	"2000-01-01 00:01:11.125"	0.5382	11.1615	0.1224	TRUE
68250	"2000-01-01 00:01:11.250"	0.5504	11.1539	0.1229	TRUE
68380	"2000-01-01 00:01:11.375"	0.5637	11.1481	0.1224	TRUE
68510	"2000-01-01 00:01:11.500"	0.5763	11.1527	0.1231	TRUE
68640	"2000-01-01 00:01:11.625"	0.5788	11.1546	0.1231	TRUE
68770	"2000-01-01 00:01:11.750"	0.5849	11.1549	0.1229	TRUE
68900	"2000-01-01 00:01:11.875"	0.5856	11.1554	0.1232	TRUE
69030	"2000-01-01 00:01:12.000"	0.5815	11.1566	0.1235	TRUE
69160	"2000-01-01 00:01:12.125"	0.5791	11.1577	0.123	TRUE
69290	"2000-01-01 00:01:12.250"	0.5817	11.163	0.1228	TRUE
69420	"2000-01-01 00:01:12.375"	0.5898	11.164	0.1232	TRUE
69550	"2000-01-01 00:01:12.500"	0.6006	11.1676	0.1213	TRUE
69680	"2000-01-01 00:01:12.625"	0.6208	11.1654	0.123	TRUE
69810	"2000-01-01 00:01:12.750"	0.6377	11.1608	0.1233	TRUE
69940	"2000-01-01 00:01:12.875"	0.6601	11.1615	0.1241	TRUE
70070	"2000-01-01 00:01:13.000"	0.6791	11.1588	0.1223	TRUE
70200	"2000-01-01 00:01:13.125"	0.7076	11.1583	0.1228	TRUE
70330	"2000-01-01 00:01:13.250"	0.7334	11.1581	0.1229	TRUE
70460	"2000-01-01 00:01:13.375"	0.7622	11.1641	0.1229	TRUE
70590	"2000-01-01 00:01:13.500"	0.7927	11.1596	0.1233	TRUE
70720	"2000-01-01 00:01:13.625"	0.8199	11.1606	0.124	TRUE
70850	"2000-01-01 00:01:13.750"	0.8445	11.1582	0.1233	TRUE
70980	"2000-01-01 00:01:13.875"	0.8706	11.1613	0.123	TRUE
71110	"2000-01-01 00:01:14.000"	0.8929	11.1592	0.1234	TRUE
71240	"2000-01-01 00:01:14.125"	0.9147	11.1605	0.1231	TRUE
71240	"2000-01-01 00:01:14.250"	0.9405	11.1629	0.1229	TRUE
71370	"2000-01-01 00:01:14.375"	0.9651	11.1625	0.1246	TRUE
71500	"2000-01-01 00:01:14.500"	0.9888	11.163	0.1233	TRUE
71630	"2000-01-01 00:01:14.625"	1.0123	11.1625	0.1221	TRUE
71760	"2000-01-01 00:01:14.750"	1.0406	11.1638	0.1228	TRUE
71890	"2000-01-01 00:01:14.875"	1.0725	11.1626	0.1228	TRUE
72020	"2000-01-01 00:01:15.000"	1.1056	11.1626	0.1228	TRUE
72150	"2000-01-01 00:01:15.125"	1.1437	11.1641	0.1219	TRUE
72280	"2000-01-01 00:01:15.250"	1.1835	11.1696	0.1228	TRUE
72410	"2000-01-01 00:01:15.375"	1.2328	11.1695	0.1224	TRUE
72540	"2000-01-01 00:01:15.500"	1.2833	11.1661	0.1223	TRUE
72670	"2000-01-01 00:01:15.625"	1.3309	11.1695	0.1228	TRUE
72800	"2000-01-01 00:01:15.750"	1.3562	11.1706	0.1229	TRUE
72930	"2000-01-01 00:01:15.875"	1.3675	11.1648	0.1238	TRUE
73060	"2000-01-01 00:01:16.000"	1.3714	11.1632	0.1225	TRUE
73190	"2000-01-01 00:01:16.125"	1.3796	11.1613	0.1231	TRUE
73320	"2000-01-01 00:01:16.250"	1.3879	11.1595	0.1226	TRUE
73450	"2000-01-01 00:01:16.375"	1.3947	11.1583	0.1232	TRUE
73580	"2000-01-01 00:01:16.500"	1.3991	11.1621	0.1228	TRUE
73710	"2000-01-01 00:01:16.625"	1.3964	11.1625	0.1231	FALSE
73840	"2000-01-01 00:01:16.750"	1.3939	11.1624	0.1231	FALSE
73970	"2000-01-01 00:01:16.875"	1.393	11.1628	0.1226	FALSE
74100	"2000-01-01 00:01:17.000"	1.395	11.1625	0.123	FALSE
74230	"2000-01-01 00:01:17.125"	1.399	11.1621	0.1233	FALSE
74360	"2000-01-01 00:01:17.250"	1.4041	11.1611	0.1231	FALSE
74490	"2000-01-01 00:01:17.375"	1.4099	11.1624	0.1233	FALSE
74490	"2000-01-01 00:01:17.500"	1.416	11.1605	0.1228	FALSE
74620	"2000-01-01 00:01:17.625"	1.4183	11.1624	0.1225	FALSE
74750	"2000-01-01 00:01:17.750"	1.4205	11.1623	0.1228	FALSE
74880	"2000-01-01 00:01:17.875"	1.4226	11.1625	0.1233	FALSE
75010	"2000-01-01 00:01:18.000"	1.426	11.1626	0.123	FALSE
75140	"2000-01-01 00:01:18.125"	1.4297	11.1626	0.123	FALSE
75270	"2000-01-01 00:01:18.250"	1.4294	11.1629	0.1232	FALSE
75400	"2000-01-01 00:01:18.375"	1.4262	11.1608	0.1231	FALSE
75530	"2000-01-01 00:01:18.500"	1.4187	11.1611	0.1232	FALSE
75660	"2000-01-01 00:01:18.625"	1.4117	11.1632	0.1223	FALSE
75790	"2000-01-01 00:01:18.750"	1.4059	11.1658	0.124	FALSE
75920	"2000-01-01 00:01:18.875"	1.3975	11.1628	0.1234	FALSE
76050	"2000-01-01 00:01:19.000"	1.3902	11.1605	0.1226	FALSE
76180	"2000-01-01 00:01:19.125"	1.3857	11.163	0.124	FALSE
76310	"2000-01-01 00:01:19.250"	1.3825	11.1607	0.1221	FALSE
76440	"2000-01-01 00:01:19.375"	1.3835	11.1597	0.1227	FALSE
76570	"2000-01-01 00:01:19.500"	1.3832	11.1591	0.1235	FALSE
76700	"2000-01-01 00:01:19.625"	1.3818	11.1627	0.1241	FALSE
76830	"2000-01-01 00:01:19.750"	1.3788	11.1618	0.1222	FALSE
76960	"2000-01-01 00:01:19.875"	1.3779	11.1621	0.123	FALSE
77090	"2000-01-01 00:01:20.000"	1.3765	11.1611	0.1226	FALSE
77220	"2000-01-01 00:01:20.125"	1.3702	11.1624	0.1224	FALSE
77350	"2000-01-01 00:01:20.250"	1.3585	11.1625	0.1229	FALSE
77480	"2000-01-01 00:01:20.375"	1.345	11.1626	0.1225	FALSE
77610	"2000-01-01 00:01:20.500"	1.3325	11.1608	0.1226	FALSE
77740	"2000-01-01 00:01:20.625"	1.3206	11.1621	0.1231	FALSE
77740	"2000-01-01 00:01:20.750"	1.308	11.1606	0.1229	FALSE
77870	"2000-01-01 00:01:20.875"	1.2943	11.1601	0.1225	FALSE
78000	"2000-01-01 00:01:21.000"	1.2808	11.161	0.1232	FALSE
78130	"2000-01-01 00:01:21.125"	1.2699	11.1614	0.1228	FALSE
78260	"2000-01-01 00:01:21.250"	1.2626	11.1633	0.1229	FALSE
78390	"2000-01-01 00:01:21.375"	1.2625	11.1628	0.1225	FALSE
78520	"2000-01-01 00:01:21.500"	1.2652	11.1616	0.1233	FALSE
78650	"2000-01-01 00:01:21.625"	1.2671	11.1608	0.1229	FALSE
78780	"2000-01-01 00:01:21.750"	1.2644	11.1591	0.1221	FALSE
78910	"2000-01-01 00:01:21.875"	1.258	11.1601	0.1228	FALSE
79040	"2000-01-01 00:01:22.000"	1.2448	11.1587	0.1229	FALSE
79170	"2000-01-01 00:01:22.125"	1.2351	11.157	0.1235	FALSE
79300	"2000-01-01 00:01:22.250"	1.2228	11.1569	0.1225	FALSE
79430	"2000-01-01 00:01:22.375"	1.2074	11.1621	0.1232	FALSE
79560	"2000-01-01 00:01:22.500"	1.1918	11.1605	0.1236	FALSE
79690	"2000-01-01 00:01:22.625"	1.1711	11.1583	0.1231	FALSE
79820	"2000-01-01 00:01:22.750"	1.1499	11.1614	0.1229	FALSE
79950	"2000-01-01 00:01:22.875"	1.1264	11.1627	0.1229	FALSE
80080	"2000-01-01 00:01:23.000"	1.1058	11.166	0.1237	FALSE
80210	"2000-01-01 00:01:23.125"	1.0869	11.1698	0.1228	FALSE
80340	"2000-01-01 00:01:23.250"	1.0668	11.1721	0.1231	FALSE
80470	"2000-01-01 00:01:23.375"	1.0496	11.173	0.123	FALSE
80600	"2000-01-01 00:01:23.500"	1.0351	11.1601	0.1228	FALSE
80730	"2000-01-01 00:01:23.625"	1.0161	11.1567	0.1238	FALSE
80860	"2000-01-01 00:01:23.750"	1.0021	11.1546	0.1235	FALSE
80990	"2000-01-01 00:01:23.875"	0.9864	11.1532	0.123	FALSE
80990	"2000-01-01 00:01:24.000"	0.967	11.1528	0.1233	FALSE
81120	"2000-01-01 00:01:24.125"	0.94	11.1525	0.1235	FALSE
81250	"2000-01-01 00:01:24.250"	0.9113	11.1534	0.122	FALSE
81380	"2000-01-01 00:01:24.375"	0.8817	11.1552	0.1228	FALSE
81510	"2000-01-01 00:01:24.500"	0.845	11.1549	0.1219	FALSE
81640	"2000-01-01 00:01:24.625"	0.8063	11.1567	0.1235	FALSE
81770	"2000-01-01 00:01:24.750"	0.7626	11.1523	0.1233	FALSE
81900	"2000-01-01 00:01:24.875"	0.7111	11.1552	0.1222	FALSE
82030	"2000-01-01 00:01:25.000"	0.6491	11.1562	0.1231	FALSE
82160	"2000-01-01 00:01:25.125"	0.5856	11.1507	0.1232	FALSE
82290	"2000-01-01 00:01:25.250"	0.5222	11.1559	0.1229	FALSE
82420	"2000-01-01 00:01:25.375"	0.4647	11.1532	0.1236	FALSE
82550	"2000-01-01 00:01:25.500"	0.4192	11.1509	0.1226	FALSE
82680	"2000-01-01 00:01:25.625"	0.3873	11.1515	0.1225	FALSE
82810	"2000-01-01 00:01:25.750"	0.3633	11.1538	0.1239	FALSE
82940	"2000-01-01 00:01:25.875"	0.3394	11.1554	0.1236	FALSE
83070	"2000-01-01 00:01:26.000"	0.3224	11.1544	0.1229	FALSE
83200	"2000-01-01 00:01:26.125"	0.3023	11.1545	0.1231	FALSE
83330	"2000-01-01 00:01:26.250"	0.2799	11.1541	0.1235	FALSE
83460	"2000-01-01 00:01:26.375"	0.2505	11.155	0.1228	FALSE
83590	"2000-01-01 00:01:26.500"	0.2205	11.1592	0.1228	FALSE
83720	"2000-01-01 00:01:26.625"	0.1823	11.1642	0.1224	FALSE
83850	"2000-01-01 00:01:26.750"	0.136	11.1678	0.1219	FALSE
83980	"2000-01-01 00:01:26.875"	0.0901	11.1712	0.1231	FALSE
84110	"2000-01-01 00:01:27.000"	0.0499	11.1717	0.1233	FALSE
84240	"2000-01-01 00:01:27.125"	0.0465	11.1726	0.1219	FALSE
84370	"2000-01-01 00:01:27.250"	0.0441	11.1695	0.0442	FALSE
84370	"2000-01-01 00:01:27.375"	0.045	11.1711	0	FALSE
84500	"2000-01-01 00:01:27.500"	0.0442	11.1591	0	FALSE
84630	"2000-01-01 00:01:27.625"	0.045	11.1352	0	FALSE
84760	"2000-01-01 00:01:27.750"	0.0457	11.1067	0	FALSE
84890	"2000-01-01 00:01:27.875"	0.0459	11.0753	0	FALSE
85020	"2000-01-01 00:01:28.000"	0.0458	11.0441	0	FALSE
85150	"2000-01-01 00:01:28.125"	0.0456	10.9794	0	FALSE
85280	"2000-01-01 00:01:28.250"	0.0456	10.8614	0	FALSE
85410	"2000-01-01 00:01:28.375"	0.0463	10.7748	0	FALSE
85540	"2000-01-01 00:01:28.500"	0.046	10.701	0	FALSE
85670	"2000-01-01 00:01:28.625"	0.0457	10.6406	0	FALSE
85800	"2000-01-01 00:01:28.750"	0.0456	10.5789	0	FALSE
85930	"2000-01-01 00:01:28.875"	0.046	10.493	0	FALSE
86060	"2000-01-01 00:01:29.000"	0.0456	10.4172	0	FALSE
86190	"2000-01-01 00:01:29.125"	0.0456	10.3438	0	FALSE
86320	"2000-01-01 00:01:29.250"	0.0454	10.2534	0	FALSE
86450	"2000-01-01 00:01:29.375"	0.0457	10.1664	0	FALSE
86580	"2000-01-01 00:01:29.500"	0.0462	10.0692	0	FALSE
86710	"2000-01-01 00:01:29.625"	0.0458	9.9541	0	FALSE
86840	"2000-01-01 00:01:29.750"	0.0461	9.8696	0	FALSE
86970	"2000-01-01 00:01:29.875"	0.0455	9.8196	0	FALSE
87100	"2000-01-01 00:01:30.000"	0.045	9.7715	0	FALSE
87230	"2000-01-01 00:01:30.125"	0.0455	9.7236	0	FALSE
87360	"2000-01-01 00:01:30.250"	0.046	9.6838	0	FALSE
87490	"2000-01-01 00:01:30.375"	0.0459	9.6427	0	FALSE
87490	"2000-01-01 00:01:30.500"	0.0451	9.6066	0	FALSE
87620	"2000-01-01 00:01:30.625"	0.0457	9.5522	0	FALSE
87750	"2000-01-01 00:01:30.750"	0.0456	9.511	0	FALSE
87880	"2000-01-01 00:01:30.875"	0.046	9.4828	0	FALSE
88010	"2000-01-01 00:01:31.000"	0.0447	9.4599	0	FALSE
88140	"2000-01-01 00:01:31.125"	0.0454	9.4096	0	FALSE
88270	"2000-01-01 00:01:31.250"	0.0448	9.3536	0	FALSE
88400	"2000-01-01 00:01:31.375"	0.0452	9.3126	0	FALSE
88530	"2000-01-01 00:01:31.500"	0.0452	9.276	0	FALSE
88660	"2000-01-01 00:01:31.625"	0.0449	9.245	0	FALSE
88790	"2000-01-01 00:01:31.750"	0.0447	9.2129	0	FALSE
88920	"2000-01-01 00:01:31.875"	0.0445	9.1973	0	FALSE
89050	"2000-01-01 00:01:32.000"	0.0449	9.1781	0	FALSE
89180	"2000-01-01 00:01:32.125"	0.0444	9.1537	0	FALSE
89310	"2000-01-01 00:01:32.250"	0.0446	9.1055	0	FALSE
89440	"2000-01-01 00:01:32.375"	0.0449	9.08	0	FALSE
89570	"2000-01-01 00:01:32.500"	0.0441	9.0738	0	FALSE
89700	"2000-01-01 00:01:32.625"	0.0446	9.0655	0	FALSE
89830	"2000-01-01 00:01:32.750"	0.0451	9.0496	0	FALSE
89960	"2000-01-01 00:01:32.875"	0.045	9.0439	0	FALSE
90090	"2000-01-01 00:01:33.000"	0.0446	9.0287	0	FALSE
90220	"2000-01-01 00:01:33.125"	0.0451	9.0141	0	FALSE
90350	"2000-01-01 00:01:33.250"	0.0449	8.9829	0	FALSE
90480	"2000-01-01 00:01:33.375"	0.0449	8.9503	0	FALSE
90610	"2000-01-01 00:01:33.500"	0.0441	8.9216	0	FALSE
90740	"2000-01-01 00:01:33.625"	0.0446	8.8948	0	FALSE
90740	"2000-01-01 00:01:33.750"	0.0443	8.8581	0	FALSE
90870	"2000-01-01 00:01:33.875"	0.0448	8.8234	0	FALSE
91000	"2000-01-01 00:01:34.000"	0.0446	8.7955	0	FALSE
91130	"2000-01-01 00:01:34.125"	0.0449	8.7741	0	FALSE
91260	"2000-01-01 00:01:34.250"	0.0441	8.7668	0	FALSE
91390	"2000-01-01 00:01:34.375"	0.044	8.7661	0	FALSE
91520	"2000-01-01 00:01:34.500"	0.0436	8.7689	0	FALSE
91650	"2000-01-01 00:01:34.625"	0.0444	8.7689	0	FALSE
91780	"2000-01-01 00:01:34.750"	0.0442	8.7613	0	FALSE
91910	"2000-01-01 00:01:34.875"	0.0433	8.7318	0	FALSE
92040	"2000-01-01 00:01:35.000"	0.0435	8.7032	0	FALSE
92170	"2000-01-01 00:01:35.125"	0.0432	8.6835	0	FALSE
92300	"2000-01-01 00:01:35.250"	0.0442	8.6515	0	FALSE
92430	"2000-01-01 00:01:35.375"	0.0443	8.6138	0	FALSE
92560	"2000-01-01 00:01:35.500"	0.0445	8.5685	0	FALSE
92690	"2000-01-01 00:01:35.625"	0.0429	8.5284	0	FALSE
92820	"2000-01-01 00:01:35.750"	0.0423	8.5009	0	FALSE
92950	"2000-01-01 00:01:35.875"	0.043	8.482	0	FALSE
93080	"2000-01-01 00:01:36.000"	0.0444	8.4667	0	FALSE
93210	"2000-01-01 00:01:36.125"	0.0437	8.4485	0	FALSE
93340	"2000-01-01 00:01:36.250"	0.043	8.4177	0	FALSE
93470	"2000-01-01 00:01:36.375"	0.0427	8.382	0	FALSE
93600	"2000-01-01 00:01:36.500"	0.0435	8.3452	0	FALSE
93730	"2000-01-01 00:01:36.625"	0.0432	8.3168	0	FALSE
