"DateTime"	"Time_ms"	"Pres_dbar"	"Temp"	"Sal"	"Cond"	"Chla"	"pH"	"DOconc"	"DOsat"
2019-04-23 20:09:16	0	0.0108012929558754	0.04534912109375	0.166778028011322	0.189088702201843	0.47113037109375	43.0731391906738	19.7294194199254	135.578842163086
2019-04-23 20:09:17	167	0.0183098781853914	0.039764404296875	0.16780598461628	0.190170466899872	1.12637329101562	42.7486457824707	19.7252097604091	135.529479980469
2019-04-23 20:09:17	334	0.0231257230043411	0.0450439453125	0.165981650352478	0.188224315643311	1.48452758789062	41.1007194519043	19.7183234738455	135.500686645508
2019-04-23 20:09:17	500	0.0345231927931309	0.054473876953125	0.168118670582771	0.190592482686043	1.63516235351562	38.0140266418457	19.7078936099646	135.467071533203
2019-04-23 20:09:17	667	0.0513279400765896	0.037322998046875	0.167231127619743	0.18953438103199	1.70095825195312	34.6365203857422	19.7302036357369	135.553909301758
2019-04-23 20:09:17	834	0.0664342045783997	0.023773193359375	0.165859118103981	0.187972828745842	1.72024536132812	31.077428817749	19.7431681269768	135.589782714844
2019-04-23 20:09:17	1000	0.0701325759291649	0.0201416015625	0.167204603552818	0.189408823847771	1.74356079101562	27.4575862884521	19.7369916507844	135.534698486328
2019-04-23 20:09:18	1167	0.0798675790429115	0.094085693359375	0.16658291220665	0.189151406288147	1.74563598632812	23.8298950195312	19.7125326903158	135.649169921875
2019-04-23 20:09:18	1334	0.107551343739033	0.05450439453125	0.167782083153725	0.190228402614594	1.74478149414062	20.3608798980713	19.7368112824416	135.665649414062
2019-04-23 20:09:18	1500	0.148507356643677	0.038818359375	0.166248142719269	0.188478648662567	1.75070190429688	16.9982032775879	19.7572967480179	135.744873046875
2019-04-23 20:09:18	1667	0.183146178722382	0.02215576171875	0.166578695178032	0.188743188977242	1.76211547851562	13.794602394104	19.7894673470907	135.902206420898
2019-04-23 20:09:18	1834	0.195669651031494	0.017486572265625	0.166068956255913	0.188165321946144	1.76907348632812	10.8395471572876	19.8158102085753	136.064682006836
2019-04-23 20:09:18	2000	0.198176622390747	0.022552490234375	0.166287109255791	0.188429862260818	1.76644897460938	8.20814609527588	19.8438412961579	136.276870727539
2019-04-23 20:09:19	2167	0.191231027245522	0.0439453125	0.165765404701233	0.187984555959702	1.75326538085938	5.90165853500366	19.8566638090429	136.446899414062
2019-04-23 20:09:19	2334	0.183631464838982	0.050994873046875	0.165903434157372	0.188173487782478	1.7523193359375	3.91313362121582	19.8318864097012	136.303909301758
2019-04-23 20:09:19	2500	0.184136644005775	0.097808837890625	0.165983259677887	0.188522025942802	1.74966430664062	2.22818565368652	19.7915845361979	136.206909179688
2019-04-23 20:09:19	2667	0.187553510069847	0.091033935546875	0.167655512690544	0.190298154950142	1.7479248046875	0.812491893768311	19.7890960873746	136.165298461914
2019-04-23 20:09:19	2834	0.188414126634598	0.097808837890625	0.16644386947155	0.189021915197372	1.75503540039062	-0.336045801639557	19.7717473132044	136.070816040039
2019-04-23 20:09:19	3000	0.186138421297073	0.099151611328125	0.166715562343597	0.189324244856834	1.75357055664062	-1.24236798286438	19.7791734747298	136.127334594727
2019-04-23 20:09:20	3167	0.18055959045887	0.092803955078125	0.165973171591759	0.188483029603958	1.75888061523438	-1.94345116615295	19.7567043463644	135.947647094727
2019-04-23 20:09:20	3334	0.181256234645844	0.1171875	0.168092548847198	0.190920487046242	1.76336669921875	-2.47372221946716	19.7334824138933	135.883285522461
2019-04-23 20:09:20	3500	0.187546879053116	0.123748779296875	0.166570231318474	0.189304783940315	1.75753784179688	-2.86943316459656	19.7001251637025	135.677291870117
2019-04-23 20:09:20	3667	0.196087628602982	0.095306396484375	0.166438907384872	0.189002454280853	1.758056640625	-3.15909600257874	19.7244518394055	135.735733032227
2019-04-23 20:09:20	3834	0.203181073069572	0.08624267578125	0.168323948979378	0.190995946526527	1.76766967773438	-3.36313486099243	19.715562774475	135.6416015625
2019-04-23 20:09:20	4000	0.205349683761597	0.078826904296875	0.167317077517509	0.189862251281738	1.76171875	-3.50278615951538	19.7152719985723	135.610275268555
2019-04-23 20:09:21	4167	0.205468147993088	0.076019287109375	0.16779388487339	0.190363317728043	1.75534057617188	-3.59753608703613	19.7210768255225	135.639892578125
2019-04-23 20:09:21	4334	0.20496866106987	0.073974609375	0.166811063885689	0.189286291599274	1.754638671875	-3.65883684158325	19.719789601559	135.622299194336
2019-04-23 20:09:21	4500	0.205532610416412	0.070831298828125	0.16678424179554	0.189239501953125	1.75265502929688	-3.7035825252533	19.7175007581279	135.594497680664
2019-04-23 20:09:21	4667	0.208743795752525	0.066192626953125	0.167278990149498	0.189749673008919	1.75909423828125	-3.75039196014404	19.6997474084382	135.455123901367
2019-04-23 20:09:21	4834	0.211058363318443	0.067657470703125	0.167646929621696	0.19015671312809	1.75433349609375	-3.78354144096375	19.6835560926369	135.349731445312
2019-04-23 20:09:21	5000	0.208011135458946	0.071746826171875	0.168061390519142	0.190629079937935	0.14422607421875	-3.79876303672791	19.6955054723811	135.44792175293
2019-04-23 20:09:22	5167	0.204419866204262	0.073638916015625	0.16675378382206	0.189222291111946	0.56011962890625	-3.81395387649536	19.6834846505515	135.371276855469
2019-04-23 20:09:22	5334	0.204754456877708	0.077239990234375	0.16758905351162	0.190148159861565	1.14419555664062	-3.81824326515198	19.6731829144884	135.314956665039
2019-04-23 20:09:22	5500	0.210810035467148	0.08001708984375	0.16720075905323	0.189742833375931	1.47164916992188	-3.81950330734253	19.6614131414463	135.244247436523
2019-04-23 20:09:22	5667	0.213461071252823	0.08209228515625	0.167137697339058	0.189686164259911	1.617919921875	-3.82358884811401	19.6708192731928	135.316818237305
2019-04-23 20:09:22	5834	0.222839698195457	0.0877685546875	0.167954280972481	0.190603822469711	1.6817626953125	-3.84085822105408	19.6538120526251	135.222244262695
2019-04-23 20:09:22	6000	0.222678571939468	0.100433349609375	0.168184176087379	0.190925046801567	1.71234130859375	-3.85781049728394	19.6536097379395	135.269409179688
2019-04-23 20:09:23	6167	0.218137592077255	0.124664306640625	0.167875707149506	0.190727666020393	1.72088623046875	-3.88212633132935	19.629531564683	135.19580078125
2019-04-23 20:09:23	6334	0.220171600580215	0.13970947265625	0.167014539241791	0.18987737596035	1.72549438476562	-3.88240480422974	19.6091102009911	135.111679077148
2019-04-23 20:09:23	6500	0.226285949349403	0.128997802734375	0.16789773106575	0.190776184201241	1.73248291015625	-3.88679051399231	19.6048842389093	135.042572021484
2019-04-23 20:09:23	6667	0.228970155119896	0.127227783203125	0.167819976806641	0.190681710839272	1.73635864257812	-3.8828444480896	19.6078052247497	135.055877685547
2019-04-23 20:09:23	6834	0.228049829602242	0.120849609375	0.167584776878357	0.19039024412632	1.74053955078125	-3.87888693809509	19.626979043353	135.16340637207
2019-04-23 20:09:23	7000	0.220231309533119	0.108856201171875	0.167420998215675	0.190144598484039	1.7371826171875	-3.85647797584534	19.6076974705305	134.984786987305
2019-04-23 20:09:24	7167	0.20838837325573	0.102386474609375	0.167342618107796	0.190022945404053	1.7320556640625	-3.8391592502594	19.6049809892524	134.941375732422
2019-04-23 20:09:24	7334	0.212766319513321	0.103912353515625	0.166655585169792	0.189286023378372	1.73214721679688	-3.83220911026001	19.5899770068927	134.843276977539
2019-04-23 20:09:24	7500	0.226835682988167	0.105621337890625	0.166882917284966	0.189542412757874	1.73919677734375	-3.83148455619812	19.5881994473614	134.837753295898
2019-04-23 20:09:24	7667	0.244270727038383	0.09820556640625	0.166956156492233	0.189580202102661	1.73895263671875	-3.86086583137512	19.6031334949488	134.912384033203
2019-04-23 20:09:24	7834	0.252224773168564	0.09710693359375	0.166867166757584	0.189477488398552	1.74069213867188	-3.8759982585907	19.6094780832147	134.951782226562
2019-04-23 20:09:24	8000	0.241912573575974	0.10009765625	0.167095452547073	0.189742013812065	1.73919677734375	-3.8570704460144	19.6130046763125	134.987655639648
2019-04-23 20:09:25	8167	0.232177570462227	0.10235595703125	0.166849985718727	0.189488291740417	1.75567626953125	-3.84425163269043	19.6097103936677	134.973358154297
2019-04-23 20:09:25	8334	0.234624817967415	0.07672119140625	0.167348980903625	0.189885094761848	1.74102783203125	-3.8354697227478	19.6267754359479	134.993560791016
2019-04-23 20:09:25	8500	0.255758225917816	0.113433837890625	0.166401848196983	0.189064264297485	1.736083984375	-3.8739800453186	19.5695918490405	134.738922119141
2019-04-23 20:09:25	8667	0.291653871536255	0.119293212890625	0.166075587272644	0.18874303996563	1.73196411132812	-3.88460063934326	19.5733096124713	134.786499023438
2019-04-23 20:09:25	8834	0.277557015419006	0.09130859375	0.166560873389244	0.189112693071365	1.728759765625	-3.86479949951172	19.6140014579995	134.960540771484
2019-04-23 20:09:25	9000	0.226848006248474	0.11212158203125	0.166296720504761	0.18894262611866	1.72601318359375	-3.8378279209137	19.610527192169	135.015670776367
2019-04-23 20:09:26	9167	0.177340820431709	0.10113525390625	0.165492996573448	0.18800850212574	1.73739624023438	-3.8316605091095	19.5934680166117	134.855667114258
2019-04-23 20:09:26	9334	0.157852798700333	0.14215087890625	0.165821328759193	0.188594251871109	1.7371826171875	-3.83275532722473	19.5232960617676	134.528564453125
2019-04-23 20:09:26	9500	0.180410787463188	0.139373779296875	0.16521942615509	0.187924653291702	1.73834228515625	-3.82687401771545	19.4917793570455	134.300323486328
2019-04-23 20:09:26	9667	0.238654926419258	0.119537353515625	0.165982127189636	0.188642680644989	1.73959350585938	-3.82273769378662	19.4935683049929	134.238220214844
2019-04-23 20:09:26	9834	0.301548093557358	0.124755859375	0.164782106876373	0.187368527054787	1.73483276367188	-3.87170839309692	19.5130778384466	134.391250610352
2019-04-23 20:09:26	10000	0.314529359340668	0.069549560546875	0.166180163621902	0.188577845692635	1.74288940429688	-3.87666583061218	19.5971166937341	134.761199951172
2019-04-23 20:09:27	10167	0.272531718015671	0.084228515625	0.165887862443924	0.188342869281769	1.73855590820312	-3.82104420661926	19.6419734068086	135.125381469727
2019-04-23 20:09:27	10334	0.223078548908234	0.107666015625	0.164810061454773	0.187303617596626	1.73858642578125	-3.7977089881897	19.6199701305252	135.06233215332
2019-04-23 20:09:27	10500	0.192626222968102	0.12152099609375	0.164714500308037	0.187276676297188	1.74240112304688	-3.79174327850342	19.5802091214141	134.841232299805
2019-04-23 20:09:27	10667	0.202006742358208	0.129364013671875	0.16359631717205	0.186105132102966	1.74380493164062	-3.78242635726929	19.5385961010963	134.583404541016
2019-04-23 20:09:27	10834	0.22934265434742	0.11865234375	0.164530158042908	0.187060698866844	1.74267578125	-3.77445769309998	19.5379812363851	134.539367675781
2019-04-23 20:09:27	11000	0.265730202198029	0.10064697265625	0.164448022842407	0.186871752142906	1.74752807617188	-3.78108596801758	19.5314529150418	134.426025390625
2019-04-23 20:09:28	11167	0.290989458560944	0.08087158203125	0.165726259350777	0.188148856163025	1.74710083007812	-3.79038000106812	19.5882784427787	134.743072509766
2019-04-23 20:09:28	11334	0.307045429944992	0.080291748046875	0.167157903313637	0.189698323607445	1.751708984375	-3.8402898311615	19.6060450333843	134.864395141602
2019-04-23 20:09:28	11500	0.326516389846802	0.11602783203125	0.165155231952667	0.187725424766541	1.74505615234375	-3.84467196464539	19.6162217883693	135.068710327148
2019-04-23 20:09:28	11667	0.349455386400223	0.098419189453125	0.165924519300461	0.188462361693382	1.74136352539062	-3.91422462463379	19.6661358144371	135.345840454102
2019-04-23 20:09:28	11834	0.37990865111351	0.094207763671875	0.165086001157761	0.187528938055038	1.73709106445312	-3.98125815391541	19.7106461441591	135.635269165039
2019-04-23 20:09:28	12000	0.405017197132111	0.063446044921875	0.165052130818367	0.187321096658707	1.74380493164062	-4.08778476715088	19.7764092513281	135.969635009766
2019-04-23 20:09:29	12167	0.428673714399338	0.02716064453125	0.166051849722862	0.188201889395714	1.74685668945312	-4.09355926513672	19.8312851263099	136.208160400391
2019-04-23 20:09:29	12334	0.441139370203018	0.019805908203125	0.165653452277184	0.187729492783546	1.74990844726562	-4.07191371917725	19.8698349779073	136.444198608398
2019-04-23 20:09:29	12500	0.441910892724991	0.02545166015625	0.164710000157356	0.186739385128021	1.7523193359375	-4.04043483734131	19.9072039433282	136.721740722656
2019-04-23 20:09:29	12667	0.440600991249084	0.04705810546875	0.166011899709702	0.18826998770237	1.74951171875	-4.02424907684326	19.9117411210463	136.837631225586
2019-04-23 20:09:29	12834	0.437544316053391	0.088531494140625	0.165338397026062	0.187771424651146	1.76071166992188	-4.01353311538696	19.9148515222945	137.018753051758
2019-04-23 20:09:29	13000	0.434722661972046	0.107147216796875	0.166426435112953	0.189056366682053	1.75173950195312	-4.0070538520813	19.9119926239213	137.07209777832
2019-04-23 20:09:30	13167	0.432198643684387	0.12078857421875	0.165009528398514	0.187594056129456	1.75054931640625	-4.1672043800354	19.8859016040479	136.943862915039
2019-04-23 20:09:30	13334	0.432728469371796	0.09246826171875	0.165381148457527	0.187839716672897	1.74395751953125	-4.22158527374268	19.9068828130665	136.979187011719
2019-04-23 20:09:30	13500	0.436408817768097	0.077667236328125	0.164614349603653	0.186925441026688	1.74359130859375	-4.20941734313965	19.9266205987151	137.057006835938
2019-04-23 20:09:30	13667	0.442896604537964	0.07574462890625	0.16591340303421	0.188323751091957	1.74420166015625	-4.23484659194946	19.9261167662977	137.047317504883
2019-04-23 20:09:30	13834	0.457084447145462	0.067413330078125	0.164973735809326	0.187258347868919	1.74484252929688	-4.23738098144531	19.9306220970648	137.045181274414
2019-04-23 20:09:30	14000	0.48048123717308	0.058197021484375	0.165421858429909	0.187692955136299	1.7529296875	-4.2398533821106	19.9527120589448	137.16178894043
2019-04-23 20:09:31	14167	0.510548770427704	0.040374755859375	0.163954466581345	0.186003804206848	1.74429321289062	-4.27408981323242	19.9793272419593	137.27424621582
2019-04-23 20:09:31	14334	0.547911584377289	0.021514892578125	0.164504215121269	0.18649511039257	1.7437744140625	-4.29006338119507	20.0381800418774	137.605773925781
2019-04-23 20:09:31	14500	0.581749498844147	0.0157470703125	0.165539279580116	0.187583774328232	1.74978637695312	-4.28614187240601	20.0905322788621	137.943771362305
2019-04-23 20:09:31	14667	0.614085137844086	0.015045166015625	0.164617583155632	0.186582252383232	1.74267578125	-4.28788614273071	20.1452570815859	138.315902709961
2019-04-23 20:09:31	14834	0.645459711551666	0.015655517578125	0.164241150021553	0.186178207397461	1.74197387695312	-4.30106973648071	20.1867639176084	138.602920532227
2019-04-23 20:09:31	15000	0.678459763526917	0.016876220703125	0.164828211069107	0.186820685863495	1.75479125976562	-4.30057096481323	20.2377921129549	138.958633422852
2019-04-23 20:09:32	15167	0.711081624031067	0.017730712890625	0.165392830967903	0.187436833977699	1.77029418945312	-4.29291915893555	20.2777384253647	139.23681640625
2019-04-23 20:09:32	15334	0.744539499282837	0.01959228515625	0.164667531847954	0.186662063002586	1.77099609375	-4.29065656661987	20.3452683827517	139.707168579102
2019-04-23 20:09:32	15500	0.77929961681366	0.01776123046875	0.165071293711662	0.187089160084724	1.76849365234375	-4.28299856185913	20.4171494627001	140.193893432617
2019-04-23 20:09:32	15667	0.809027850627899	0.0166015625	0.164518550038338	0.186484456062317	1.76278686523438	-4.28667879104614	20.4614550346009	140.492980957031
2019-04-23 20:09:32	15834	0.829867422580719	0.02032470703125	0.164510071277618	0.18649597465992	1.7591552734375	-4.28145027160645	20.5258049846867	140.949645996094
2019-04-23 20:09:32	16000	0.849153578281403	0.0277099609375	0.16539703309536	0.187497496604919	1.7542724609375	-4.27589893341064	20.5556204752218	141.184707641602
2019-04-23 20:09:33	16167	0.872337102890015	0.024749755859375	0.164550021290779	0.186563894152641	1.75558471679688	-4.29036283493042	20.5971534957441	141.457321166992
2019-04-23 20:09:33	16334	0.888896346092224	0.021240234375	0.165091440081596	0.1871307939291	1.75616455078125	-4.33413600921631	20.6399140254136	141.737457275391
2019-04-23 20:09:33	16500	0.903204560279846	0.019927978515625	0.165195927023888	0.187236651778221	1.76141357421875	-4.33871746063232	20.6812666158182	142.016265869141
2019-04-23 20:09:33	16667	0.915574491024017	0.0218505859375	0.164261043071747	0.186235100030899	1.75888061523438	-4.33227062225342	20.7214035651251	142.298706054688
2019-04-23 20:09:33	16834	0.923767387866974	0.0211181640625	0.165531799197197	0.187607005238533	1.751953125	-4.33050632476807	20.7621218906991	142.576614379883
2019-04-23 20:09:33	17000	0.931462705135345	0.0213623046875	0.165652707219124	0.187739282846451	1.749267578125	-4.31994247436523	20.7779752923276	142.686584472656
2019-04-23 20:09:34	17167	0.940159857273102	0.022613525390625	0.165499418973923	0.187580332159996	1.7572021484375	-4.31753206253052	20.7822815673576	142.721054077148
2019-04-23 20:09:34	17334	0.950464487075806	0.02178955078125	0.165625780820847	0.187712594866753	1.75607299804688	-4.3126482963562	20.8002054981223	142.840942382812
2019-04-23 20:09:34	17500	0.958837509155273	0.0216064453125	0.166492477059364	0.188649818301201	1.75042724609375	-4.29963970184326	20.8265556899897	143.022003173828
2019-04-23 20:09:34	17667	0.964840948581696	0.02197265625	0.165931969881058	0.188045129179955	1.75631713867188	-4.31007671356201	20.8237268767059	143.003509521484
2019-04-23 20:09:34	17834	0.972232937812805	0.020355224609375	0.166090115904808	0.188207313418388	1.75363159179688	-4.32012701034546	20.8550915730076	143.212509155273
2019-04-23 20:09:34	18000	0.979016482830048	0.0191650390625	0.165310680866241	0.187356948852539	1.75613403320312	-4.32809734344482	20.8601928694186	143.241958618164
2019-04-23 20:09:35	18167	0.979371905326843	0.020843505859375	0.166150063276291	0.188274994492531	1.764892578125	-4.33492183685303	20.8805771486285	143.389556884766
2019-04-23 20:09:35	18334	0.977485716342926	0.02142333984375	0.16550125181675	0.187575817108154	1.7777099609375	-4.33587598800659	20.8958480134152	143.496139526367
2019-04-23 20:09:35	18500	0.968460619449615	0.019683837890625	0.164473161101341	0.186452984809875	1.77426147460938	-4.33308744430542	20.8852871910246	143.415557861328
2019-04-23 20:09:35	18667	0.958200573921204	0.01849365234375	0.166224837303162	0.188342675566673	1.77349853515625	-4.33150577545166	20.869878169556	143.306640625
2019-04-23 20:09:35	18834	0.952203750610352	0.0523681640625	0.165676012635231	0.187937766313553	1.76992797851562	-4.32854509353638	20.8646602871125	143.407470703125
2019-04-23 20:09:35	19000	0.948624789714813	0.0655517578125	0.162802785634995	0.184895351529121	1.76559448242188	-4.30762338638306	20.8395413391135	143.285354614258
2019-04-23 20:09:36	19167	0.946221113204956	0.057586669921875	0.166042670607567	0.188364282250404	1.7645263671875	-4.27289772033691	20.841049453305	143.266662597656
2019-04-23 20:09:36	19334	0.950002908706665	0.054718017578125	0.165673866868019	0.187948539853096	1.7615966796875	-4.21826410293579	20.8313293723684	143.187881469727
2019-04-23 20:09:36	19500	0.954011201858521	0.0372314453125	0.165913328528404	0.188110247254372	1.75885009765625	-4.1495213508606	20.8417350595292	143.188888549805
2019-04-23 20:09:36	19667	0.956277430057526	0.02490234375	0.165470838546753	0.187562227249146	1.75701904296875	-4.0732946395874	20.8617245488982	143.275863647461
2019-04-23 20:09:36	19834	0.956812024116516	0.03802490234375	0.165482759475708	0.187648311257362	1.75897216796875	-3.99779057502747	20.8497331280785	143.246627807617
2019-04-23 20:09:36	20000	0.964773654937744	0.03961181640625	0.165509447455406	0.187686115503311	1.77047729492188	-3.9182505607605	20.844703737049	143.218521118164
2019-04-23 20:09:37	20167	0.97887521982193	0.02764892578125	0.16572017967701	0.187847644090652	1.7674560546875	-3.8227653503418	20.8555666486826	143.244934082031
2019-04-23 20:09:37	20334	0.995860040187836	0.020904541015625	0.164044559001923	0.18599571287632	1.76370239257812	-3.72029161453247	20.865193863182	143.282104492188
2019-04-23 20:09:37	20500	1.00969433784485	0.020416259765625	0.166063785552979	0.188179329037666	1.7696533203125	-3.60756206512451	20.8712535251472	143.323715209961
2019-04-23 20:09:37	20667	1.01934123039246	0.0194091796875	0.165580168366432	0.187650218605995	1.77395629882812	-3.49960541725159	20.8774162666854	143.361480712891
2019-04-23 20:09:37	20834	1.01978576183319	0.0244140625	0.165703341364861	0.187811493873596	1.78549194335938	-3.38841795921326	20.8950617210123	143.503067016602
2019-04-23 20:09:37	21000	1.01431500911713	0.034912109375	0.164305970072746	0.186356410384178	1.77133178710938	-3.27162408828735	20.9157325717573	143.686279296875
2019-04-23 20:09:38	21167	1.00819873809814	0.029693603515625	0.165389016270638	0.187500521540642	1.7735595703125	-3.15394926071167	20.9376824780709	143.816925048828
2019-04-23 20:09:38	21334	1.00700163841248	0.0263671875	0.164446428418159	0.186461165547371	1.78543090820312	-3.03805565834045	20.9350622918532	143.784484863281
2019-04-23 20:09:38	21500	0.993018507957458	0.026275634765625	0.165171682834625	0.187246054410934	1.77523803710938	-2.91290259361267	20.9267058978945	143.727432250977
2019-04-23 20:09:38	21667	0.970824480056763	0.02685546875	0.166687190532684	0.188890129327774	1.76986694335938	-2.78990244865417	20.9223185299351	143.701141357422
2019-04-23 20:09:38	21834	0.942412793636322	0.02838134765625	0.165135473012924	0.187218353152275	1.77569580078125	-2.66835188865662	20.8881104982067	143.470855712891
2019-04-23 20:09:38	22000	0.914176464080811	0.033599853515625	0.166801333427429	0.189051389694214	1.77243041992188	-2.54448342323303	20.880066141673	143.438385009766
2019-04-23 20:09:39	22167	0.893839240074158	0.0343017578125	0.165777325630188	0.187946349382401	1.76931762695312	-2.39849948883057	20.8211814849927	143.035705566406
2019-04-23 20:09:39	22334	0.89365816116333	0.034820556640625	0.165652513504028	0.187814071774483	1.77023315429688	-2.26326298713684	20.8016634241334	142.903594970703
2019-04-23 20:09:39	22500	0.908918917179108	0.040771484375	0.165247231721878	0.187408253550529	1.77420043945312	-2.1216938495636	20.7768199238344	142.756530761719
2019-04-23 20:09:39	22667	0.935190439224243	0.032806396484375	0.165305510163307	0.187427163124084	1.77072143554688	-1.98272824287415	20.7687380097588	142.6689453125
2019-04-23 20:09:39	22834	0.96131694316864	0.023162841796875	0.165172338485718	0.187229350209236	1.77426147460938	-1.80695426464081	20.7873445169646	142.757720947266
2019-04-23 20:09:39	23000	0.989149510860443	0.02532958984375	0.166208311915398	0.188363194465637	1.7779541015625	-1.58034431934357	20.7994592790023	142.850677490234
2019-04-23 20:09:40	23167	1.00803184509277	0.022552490234375	0.165411278605461	0.187484815716743	1.77407836914062	-1.3186514377594	20.8276390959033	143.032211303711
2019-04-23 20:09:40	23334	1.02119326591492	0.019622802734375	0.1647979170084	0.186804503202438	1.77349853515625	-1.02239179611206	20.8435635886427	143.129119873047
2019-04-23 20:09:40	23500	1.02021420001984	0.026824951171875	0.165241241455078	0.187324598431587	1.77349853515625	-0.738841772079468	20.8455854796819	143.172576904297
2019-04-23 20:09:40	23667	0.994055449962616	0.0252685546875	0.165092319250107	0.187154531478882	1.77316284179688	-0.464003801345825	20.877350281993	143.384292602539
2019-04-23 20:09:40	23834	0.962138712406158	0.024688720703125	0.165174335241318	0.187240019440651	1.76806640625	-0.203114792704582	20.8692112841883	143.326126098633
2019-04-23 20:09:40	24000	0.930189788341522	0.0252685546875	0.164438560605049	0.186446309089661	1.77542114257812	0.0441144704818726	20.8674211765374	143.315460205078
2019-04-23 20:09:41	24167	0.894679009914398	0.03497314453125	0.164223775267601	0.186267226934433	1.77664184570312	0.290136933326721	20.8332770258242	143.119995117188
2019-04-23 20:09:41	24334	0.873174965381622	0.042938232421875	0.164933055639267	0.187079817056656	1.77493286132812	0.521755456924438	20.779556506668	142.783767700195
2019-04-23 20:09:41	24500	0.878430604934692	0.044830322265625	0.164635926485062	0.186768367886543	1.76864624023438	0.743929505348206	20.7470453502739	142.56770324707
2019-04-23 20:09:41	24667	0.907808125019073	0.0457763671875	0.165555268526077	0.187769934535027	1.7705078125	0.95437878370285	20.7098653107553	142.316909790039
2019-04-23 20:09:41	24834	0.951810419559479	0.035308837890625	0.1638213545084	0.185833290219307	1.78048706054688	1.15293383598328	20.7281881744041	142.399017333984
2019-04-23 20:09:41	25000	0.991493463516235	0.02569580078125	0.164341285824776	0.186343535780907	1.77676391601562	1.3534984588623	20.7601202382195	142.580154418945
2019-04-23 20:09:42	25167	1.02575600147247	0.02410888671875	0.165091350674629	0.18714714050293	1.77227783203125	1.54561495780945	20.7940766770515	142.807693481445
2019-04-23 20:09:42	25334	1.04366970062256	0.02197265625	0.165643349289894	0.187732979655266	1.775634765625	1.72735118865967	20.8320224419189	143.060195922852
2019-04-23 20:09:42	25500	1.02938807010651	0.026702880859375	0.164842650294304	0.186892256140709	1.77841186523438	1.90029573440552	20.8374340266545	143.115707397461
2019-04-23 20:09:42	25667	0.991950333118439	0.03240966796875	0.163400575518608	0.185361534357071	1.7847900390625	2.07369327545166	20.8607350247353	143.297439575195
2019-04-23 20:09:42	25834	0.949788689613342	0.042877197265625	0.163862437009811	0.185919582843781	1.78024291992188	2.2370822429657	20.842702108315	143.216369628906
2019-04-23 20:09:42	26000	0.906916201114655	0.051055908203125	0.163855791091919	0.185957372188568	1.77691650390625	2.39358234405518	20.8297134105376	143.160186767578
2019-04-23 20:09:43	26167	0.86421811580658	0.050323486328125	0.16416509449482	0.186288431286812	1.7799072265625	2.5430588722229	20.8041219839522	142.981643676758
2019-04-23 20:09:43	26334	0.824698030948639	0.06109619140625	0.164807438850403	0.187044352293015	1.78070068359375	2.68709850311279	20.722746797731	142.466339111328
2019-04-23 20:09:43	26500	0.807832658290863	0.047943115234375	0.165529251098633	0.187753409147263	1.78204345703125	2.82600855827332	20.6437371349321	141.871139526367
2019-04-23 20:09:43	26667	0.820357084274292	0.047454833984375	0.165566593408585	0.187791213393211	1.7886962890625	2.95958566665649	20.6077628510965	141.621994018555
2019-04-23 20:09:43	26834	0.856521844863892	0.040496826171875	0.163936883211136	0.185986742377281	1.79037475585938	3.08966183662415	20.582275902525	141.417465209961
2019-04-23 20:09:43	27000	0.90200936794281	0.044525146484375	0.164648562669754	0.18678043782711	1.78396606445312	3.21312427520752	20.5859111993942	141.459228515625
2019-04-23 20:09:44	27167	0.947440981864929	0.04229736328125	0.164738848805428	0.186866119503975	1.77166748046875	3.33203840255737	20.6152591413516	141.652069091797
2019-04-23 20:09:44	27334	0.992207169532776	0.0286865234375	0.165611162781715	0.18773540854454	1.76388549804688	3.44746160507202	20.6713530789257	141.983734130859
2019-04-23 20:09:44	27500	1.02763080596924	0.029388427734375	0.164604365825653	0.186649098992348	1.76748657226562	3.55598640441895	20.7185229441497	142.3095703125
2019-04-23 20:09:44	27667	1.05304265022278	0.0245361328125	0.163477584719658	0.1854018419981	1.77957153320312	3.66570663452148	20.7840855159296	142.739227294922
2019-04-23 20:09:44	27834	1.06426668167114	0.03076171875	0.16572293639183	0.187868312001228	1.787109375	3.77055168151855	20.8163435927603	142.98811340332
2019-04-23 20:09:44	28000	1.06583440303802	0.0399169921875	0.167752146720886	0.190117180347443	1.79718017578125	3.87014102935791	20.8386128174662	143.180099487305
2019-04-23 20:09:45	28167	1.073406457901	0.03814697265625	0.165030911564827	0.187159985303879	1.79470825195312	3.96362972259521	20.8776538248471	143.438507080078
2019-04-23 20:09:45	28334	1.07704794406891	0.03533935546875	0.164940670132637	0.187046602368355	1.78054809570312	4.05239295959473	20.8917989646565	143.524215698242
2019-04-23 20:09:45	28500	1.07690012454987	0.038360595703125	0.164254069328308	0.186319515109062	1.7681884765625	4.13594150543213	20.8985286842528	143.58203125
2019-04-23 20:09:45	28667	1.07825541496277	0.0411376953125	0.165181711316109	0.187340021133423	1.7777099609375	4.21982860565186	20.9063635518729	143.648040771484
2019-04-23 20:09:45	28834	1.07270216941833	0.04290771484375	0.164937496185303	0.187085196375847	1.78485107421875	4.30243682861328	20.9128098821951	143.699279785156
2019-04-23 20:09:45	29000	1.06657361984253	0.0421142578125	0.165691643953323	0.187897831201553	1.77029418945312	4.37872123718262	20.9069219909348	143.656341552734
2019-04-23 20:09:46	29167	1.0682361125946	0.044464111328125	0.164415314793587	0.186527997255325	1.77215576171875	4.45568990707397	20.9169056525789	143.73323059082
2019-04-23 20:09:46	29334	1.0787341594696	0.0439453125	0.163493767380714	0.18552640080452	1.77279663085938	4.53246116638184	20.9168553377039	143.729873657227
2019-04-23 20:09:46	29500	1.08660292625427	0.0303955078125	0.164339005947113	0.186367467045784	1.77560424804688	4.60256624221802	20.9105757655171	143.632553100586
2019-04-23 20:09:46	29667	1.0891695022583	0.02728271484375	0.166117459535599	0.188276201486588	1.77581787109375	4.67004251480103	20.9149404545608	143.651641845703
2019-04-23 20:09:46	29834	1.09026706218719	0.03192138671875	0.165334776043892	0.187454506754875	1.78933715820312	4.73833513259888	20.9362566744194	143.816131591797
2019-04-23 20:09:46	30000	1.09045672416687	0.0301513671875	0.166495710611343	0.188701793551445	1.79147338867188	4.80561685562134	20.9234161807582	143.721878051758
2019-04-23 20:09:47	30167	1.08790326118469	0.02935791015625	0.16643875837326	0.188635677099228	1.79049682617188	4.86877632141113	20.9195194042636	143.691833496094
2019-04-23 20:09:47	30334	1.08565700054169	0.0242919921875	0.16665706038475	0.188843548297882	1.7781982421875	4.93001079559326	20.9190395851106	143.668182373047
2019-04-23 20:09:47	30500	1.0852712392807	0.02093505859375	0.164326578378677	0.186301618814468	1.77655029296875	4.98737764358521	20.9147113181414	143.622543334961
2019-04-23 20:09:47	30667	1.09187173843384	0.019927978515625	0.166601002216339	0.18875840306282	1.78268432617188	5.0434513092041	20.9425974261284	143.81217956543
2019-04-23 20:09:47	30834	1.09133625030518	0.018310546875	0.165710106492043	0.187785029411316	1.77947998046875	5.09532928466797	20.9350402757752	143.752838134766
2019-04-23 20:09:47	31000	1.09354376792908	0.022796630859375	0.165041133761406	0.187085777521133	1.77761840820312	5.14782238006592	20.9241384451062	143.695541381836
2019-04-23 20:09:48	31167	1.09244430065155	0.022247314453125	0.1653843075037	0.187454238533974	1.79025268554688	5.19717597961426	20.9199415084281	143.664825439453
2019-04-23 20:09:48	31334	1.09366881847382	0.020111083984375	0.165325433015823	0.187378644943237	1.78915405273438	5.24573135375977	20.9327322178736	143.743927001953
2019-04-23 20:09:48	31500	1.09497487545013	0.0198974609375	0.165474727749825	0.187539085745811	1.78140258789062	5.29252862930298	20.9192559394073	143.650665283203
2019-04-23 20:09:48	31667	1.09423935413361	0.01861572265625	0.165149673819542	0.187180027365685	1.7811279296875	5.33870124816895	20.9196069312345	143.647552490234
2019-04-23 20:09:48	31834	1.09014105796814	0.018951416015625	0.166657760739326	0.188814342021942	1.79763793945312	5.3803334236145	20.9094223093212	143.580459594727
2019-04-23 20:09:48	32000	1.04850542545319	0.023193359375	0.166147083044052	0.188285186886787	1.79196166992188	5.42380666732788	20.9126031629098	143.619018554688
2019-04-23 20:09:49	32167	1.01138532161713	0.02294921875	0.16675029695034	0.18893663585186	1.78695678710938	5.46284580230713	20.889969402755	143.463180541992
2019-04-23 20:09:49	32334	0.997310221195221	0.04254150390625	0.165130913257599	0.187292486429214	1.77810668945312	5.50092029571533	20.8572867448139	143.316467285156
2019-04-23 20:09:49	32500	0.994311332702637	0.045654296875	0.164111718535423	0.186205253005028	1.78176879882812	5.53812742233276	20.8260987331116	143.113754272461
2019-04-23 20:09:49	32667	1.00116777420044	0.046539306640625	0.166880369186401	0.189210116863251	1.78948974609375	5.57333755493164	20.8327313752483	143.165618896484
2019-04-23 20:09:49	32834	1.0041960477829	0.036102294921875	0.16357547044754	0.185571432113647	1.78421020507812	5.60793876647949	20.8103848958997	142.966659545898
2019-04-23 20:09:49	33000	0.99795001745224	0.03326416015625	0.166259273886681	0.188462927937508	1.7933349609375	5.64212942123413	20.8075808824389	142.938552856445
2019-04-23 20:09:50	33167	0.991979718208313	0.032684326171875	0.164926737546921	0.187016442418098	1.7962646484375	5.6742148399353	20.8069183489287	142.930358886719
2019-04-23 20:09:50	33334	0.996127367019653	0.033538818359375	0.165567919611931	0.187715694308281	1.79766845703125	5.70418405532837	20.7908785088722	142.824249267578
2019-04-23 20:09:50	33500	0.990930497646332	0.029998779296875	0.164878651499748	0.18694943189621	1.79638671875	5.73263454437256	20.7945979640248	142.834838867188
2019-04-23 20:09:50	33667	0.985001921653748	0.025177001953125	0.16760915517807	0.189878717064857	1.79953002929688	5.75886297225952	20.7782948109773	142.706069946289
2019-04-23 20:09:50	33834	0.98874294757843	0.023895263671875	0.164935275912285	0.186976820230484	1.80563354492188	5.78759860992432	20.7801513030888	142.711044311523
2019-04-23 20:09:50	34000	0.987269103527069	0.022186279296875	0.166043728590012	0.188167437911034	1.80233764648438	5.81622076034546	20.7638933124755	142.59358215332
2019-04-23 20:09:51	34167	0.970638751983643	0.024078369140625	0.165518060326576	0.187608793377876	1.79275512695312	5.84336519241333	20.7804120805376	142.714141845703
2019-04-23 20:09:51	34334	0.942253589630127	0.0250244140625	0.166386038064957	0.188553735613823	1.80032348632812	5.86893796920776	20.7656141472873	142.617172241211
2019-04-23 20:09:51	34500	0.921139121055603	0.02740478515625	0.165666177868843	0.187787547707558	1.79864501953125	5.89215564727783	20.729378038079	142.377182006836
2019-04-23 20:09:51	34667	0.915138483047485	0.032562255859375	0.166843816637993	0.189091563224792	1.7935791015625	5.912841796875	20.7100129682117	142.266052246094
2019-04-23 20:09:51	34834	0.924553155899048	0.059844970703125	0.162979319691658	0.185055434703827	1.78530883789062	5.93559074401855	20.6661279262351	142.070297241211
2019-04-23 20:09:51	35000	0.942427039146423	0.049530029296875	0.165594547986984	0.187833562493324	1.79238891601562	5.95445728302002	20.6680086076566	142.044372558594
2019-04-23 20:09:52	35167	0.953504145145416	0.028717041015625	0.165534928441048	0.187652871012688	1.80010986328125	5.98070621490479	20.66742281061	141.956787109375
2019-04-23 20:09:52	35334	0.961189031600952	0.023223876953125	0.166348740458488	0.188503310084343	1.80364990234375	6.00180912017822	20.6583786093075	141.873428344727
2019-04-23 20:09:52	35500	0.967663526535034	0.025665283203125	0.164930060505867	0.186980932950974	1.79318237304688	6.02462100982666	20.6680909690606	141.948547363281
2019-04-23 20:09:52	35667	0.965332865715027	0.033966064453125	0.165410906076431	0.187547907233238	1.79318237304688	6.04327297210693	20.6756697812159	142.034378051758
2019-04-23 20:09:52	35834	0.949414312839508	0.035247802734375	0.165289700031281	0.187423661351204	1.80230712890625	6.06147289276123	20.6763151886802	142.043838500977
2019-04-23 20:09:52	36000	0.926527440547943	0.029388427734375	0.165581673383713	0.187707141041756	1.79379272460938	6.07990741729736	20.6790711681041	142.039535522461
2019-04-23 20:09:53	36167	0.900214195251465	0.02618408203125	0.163668885827065	0.185617566108704	1.79498291015625	6.09887075424194	20.650967691566	141.831802368164
2019-04-23 20:09:53	36334	0.878716826438904	0.027313232421875	0.165739759802818	0.187866538763046	1.80172729492188	6.11781311035156	20.6223732136665	141.641937255859
2019-04-23 20:09:53	36500	0.85605651140213	0.044342041015625	0.164909422397614	0.187061935663223	1.80691528320312	6.13551330566406	20.5611908071924	141.288879394531
2019-04-23 20:09:53	36667	0.837827205657959	0.036590576171875	0.164391040802002	0.186457172036171	1.80685424804688	6.15240621566772	20.5335397351334	141.067474365234
2019-04-23 20:09:53	36834	0.824047863483429	0.024810791015625	0.165418565273285	0.187504604458809	1.80581665039062	6.16781044006348	20.5197716002204	140.926956176758
2019-04-23 20:09:53	37000	0.807799458503723	0.019744873046875	0.166247770190239	0.188373953104019	1.7899169921875	6.17941379547119	20.4823406778295	140.650543212891
2019-04-23 20:09:54	37167	0.794970810413361	0.019500732421875	0.166308924555779	0.188438698649406	1.80062866210938	6.19612264633179	20.4420892500621	140.373229980469
2019-04-23 20:09:54	37334	0.78252124786377	0.01971435546875	0.163741886615753	0.185660541057587	1.8001708984375	6.21306848526001	20.4083059346841	140.139633178711
2019-04-23 20:09:54	37500	0.771740794181824	0.01837158203125	0.16530953347683	0.187350451946259	1.79409790039062	6.22899341583252	20.3714361278315	139.88264465332
2019-04-23 20:09:54	37667	0.760325312614441	0.03033447265625	0.16554468870163	0.187671735882759	1.77996826171875	6.24335908889771	20.3343103504847	139.675155639648
2019-04-23 20:09:54	37834	0.747525095939636	0.02642822265625	0.164874151349068	0.186923757195473	1.7799072265625	6.25570249557495	20.3173952621644	139.542922973633
2019-04-23 20:09:54	38000	0.727645635604858	0.024139404296875	0.166980728507042	0.189191654324532	1.78182983398438	6.26716375350952	20.2948551416153	139.381103515625
2019-04-23 20:09:55	38167	0.698869049549103	0.035552978515625	0.166021272540092	0.188216760754585	1.79400634765625	6.27699375152588	20.257705829713	139.169937133789
2019-04-23 20:09:55	38334	0.676103472709656	0.03173828125	0.164714843034744	0.18678043782711	1.797607421875	6.28855228424072	20.2340672717454	138.991317749023
2019-04-23 20:09:55	38500	0.64889931678772	0.034454345703125	0.166208893060684	0.188413605093956	1.80508422851562	6.29953813552856	20.1771634777737	138.612487792969
2019-04-23 20:09:55	38667	0.616541922092438	0.029266357421875	0.16637547314167	0.188564792275429	1.80633544921875	6.30816841125488	20.1180329798869	138.186172485352
2019-04-23 20:09:55	38834	0.578199982643127	0.0340576171875	0.165171429514885	0.187287509441376	1.81158447265625	6.31734752655029	20.0664642355543	137.849487304688
2019-04-23 20:09:55	39000	0.528733551502228	0.04351806640625	0.164024248719215	0.186096861958504	1.80950927734375	6.32883310317993	20.0094137695824	137.493240356445
2019-04-23 20:09:56	39167	0.498530477285385	0.042236328125	0.162730291485786	0.184687152504921	1.79977416992188	6.34234714508057	19.9600137854109	137.147613525391
2019-04-23 20:09:56	39334	0.513592183589935	0.043853759765625	0.165721535682678	0.187937781214714	1.78692626953125	6.35435152053833	19.902096188461	136.758697509766
2019-04-23 20:09:56	39500	0.560517549514771	0.04302978515625	0.164895310997963	0.187038213014603	1.78701782226562	6.36489582061768	19.8651875260619	136.501129150391
2019-04-23 20:09:56	39667	0.617900133132935	0.03570556640625	0.16601450741291	0.188209965825081	1.78701782226562	6.37577486038208	19.8762521196542	136.549942016602
2019-04-23 20:09:56	39834	0.67219090461731	0.0234375	0.164147526025772	0.186119943857193	1.78494262695312	6.38755035400391	19.9001882727215	136.665252685547
2019-04-23 20:09:56	40000	0.696190536022186	0.022247314453125	0.164293095469475	0.186271131038666	1.79306030273438	6.3985652923584	19.9136118531901	136.752975463867
2019-04-23 20:09:57	40167	0.652027130126953	0.025909423828125	0.16421177983284	0.186203137040138	1.79031372070312	6.40836811065674	19.9311819810994	136.887725830078
2019-04-23 20:09:57	40334	0.604744434356689	0.042083740234375	0.165594547986984	0.18779069185257	1.78713989257812	6.41254281997681	19.9382931588473	137.000457763672
2019-04-23 20:09:57	40500	0.564707815647125	0.0491943359375	0.163001880049706	0.18502002954483	1.79180908203125	6.41752338409424	19.9417506809749	137.04931640625
2019-04-23 20:09:57	40667	0.537199378013611	0.054779052734375	0.166111811995506	0.188421905040741	1.7935791015625	6.42649173736572	19.9202428298417	136.926010131836
2019-04-23 20:09:57	40834	0.540526211261749	0.0537109375	0.164886176586151	0.187087580561638	1.79776000976562	6.42868137359619	19.9013616752466	136.790954589844
2019-04-23 20:09:57	41000	0.578236937522888	0.051727294921875	0.164320796728134	0.186463892459869	1.79644775390625	6.43691635131836	19.8762100023384	136.609893798828
2019-04-23 20:09:58	41167	0.624153792858124	0.043426513671875	0.165364220738411	0.187548696994781	1.79440307617188	6.44556522369385	19.8862079123363	136.647537231445
2019-04-23 20:09:58	41334	0.652745544910431	0.03192138671875	0.166086465120316	0.18826687335968	1.79440307617188	6.45549297332764	19.9028244190457	136.71794128418
2019-04-23 20:09:58	41500	0.653279185295105	0.03033447265625	0.166206493973732	0.188387960195541	1.7886962890625	6.46430397033691	19.9031897005578	136.714431762695
2019-04-23 20:09:58	41667	0.626057028770447	0.03961181640625	0.166071355342865	0.188293471932411	1.79293823242188	6.47258329391479	19.9124200443406	136.813568115234
2019-04-23 20:09:58	41834	0.578773379325867	0.0523681640625	0.164077147841454	0.186203300952911	1.79611206054688	6.47531223297119	19.8965053839652	136.75163269043
2019-04-23 20:09:58	42000	0.545733511447906	0.055938720703125	0.164198487997055	0.186354488134384	1.79818725585938	6.51821136474609	19.8837738937951	136.678024291992
2019-04-23 20:09:59	42167	0.524675905704498	0.055908203125	0.164850890636444	0.187061473727226	1.8001708984375	6.44351816177368	19.8683079680909	136.572204589844
2019-04-23 20:09:59	42334	0.500957846641541	0.0506591796875	0.164651215076447	0.186815783381462	1.79849243164062	6.43237781524658	19.8365977839719	136.333831787109
2019-04-23 20:09:59	42500	0.471495002508163	0.041229248046875	0.165282160043716	0.187446996569633	1.79364013671875	6.43486738204956	19.8069451434301	136.094360351562
2019-04-23 20:09:59	42667	0.435954809188843	0.038787841796875	0.163969114422798	0.186010628938675	1.79849243164062	6.43729400634766	19.7815227514002	135.909088134766
2019-04-23 20:09:59	42834	0.394670873880386	0.044342041015625	0.165378242731094	0.187568113207817	1.79983520507812	6.43866634368896	19.7341929736721	135.606491088867
2019-04-23 20:09:59	43000	0.352211624383926	0.04376220703125	0.164160460233688	0.186245158314705	1.79541015625	6.44394874572754	19.6537929101389	135.050674438477
2019-04-23 20:10:00	43167	0.320223838090897	0.0479736328125	0.163623049855232	0.185685783624649	1.78887939453125	6.45038318634033	19.5758754324147	134.530776977539
2019-04-23 20:10:00	43334	0.302418202161789	0.055755615234375	0.16461206972599	0.186800882220268	1.7935791015625	6.45901823043823	19.4917683870409	133.983123779297
2019-04-23 20:10:00	43500	0.291666179895401	0.058746337890625	0.165632486343384	0.187923595309258	1.79623413085938	6.46749067306519	19.4215770270319	133.512847900391
2019-04-23 20:10:00	43667	0.259545713663101	0.058868408203125	0.164690524339676	0.186903014779091	1.79660034179688	6.47324705123901	19.377481885674	133.209320068359
2019-04-23 20:10:00	43834	0.212054520845413	0.05706787109375	0.165770620107651	0.188063606619835	1.79794311523438	6.47688579559326	19.3048688470475	132.704376220703
2019-04-23 20:10:00	44000	0.155815005302429	0.0599365234375	0.165511921048164	0.187799006700516	1.79867553710938	6.48390674591064	19.2324372268512	132.216949462891
2019-04-23 20:10:01	44167	0.0971557125449181	0.060699462890625	0.165061980485916	0.187315300107002	1.796142578125	6.49295854568481	19.1778456979594	131.844085693359
2019-04-23 20:10:01	44334	0.0415123738348484	0.064483642578125	0.165164783596992	0.187447592616081	1.8013916015625	6.49946880340576	19.0783696287257	131.17431640625
2019-04-23 20:10:01	44500	-0.0055930525995791	0.068115234375	0.165920242667198	0.188286766409874	1.79843139648438	6.50383949279785	18.9822273335097	130.52734375
2019-04-23 20:10:01	44667	-0.0340663455426693	0.0640869140625	0.165208950638771	0.187492966651917	1.79678344726562	6.51606893539429	18.8982523289816	129.934494018555
